{
  "dataset": "hand_nutrition",
  "checkpoint_path": "/root/autodl-tmp/runs/hand_pose01_pose02_5fold_v4pilot/fold4_c0/hand_nutrition/clipViT-B/16/n_img_per_cls_full/baseline/lr1e-05_wd0.0001/final_checkpoint.pth",
  "positive_class_name": "malnourished_hand",
  "hand_pose": "02",
  "classification_threshold": 0.5,
  "overall_accuracy": 61.53846153846154,
  "confusion_matrix": [
    [
      1,
      2
    ],
    [
      3,
      7
    ]
  ],
  "class_accuracies": [
    {
      "class": "malnourished_hand",
      "accuracy": 33.333333333333336,
      "correct": 1,
      "total": 3
    },
    {
      "class": "normal_hand",
      "accuracy": 70.0,
      "correct": 7,
      "total": 10
    }
  ],
  "image_level_metrics": {
    "accuracy": 0.6153846153846154,
    "balanced_accuracy": 0.5166666666666666,
    "roc_auc": 0.7,
    "pr_auc": 0.3873015873015873,
    "precision": 0.25,
    "sensitivity": 0.3333333333333333,
    "specificity": 0.7,
    "acc": 0.6153846153846154,
    "auc": 0.7,
    "f1": 0.28571428571428575,
    "sen": 0.3333333333333333,
    "spe": 0.7,
    "mcc": 0.03042903097250923,
    "threshold": 0.5,
    "tp": 1,
    "tn": 7,
    "fp": 3,
    "fn": 2
  },
  "pose_level_metrics": {
    "pose_02": {
      "accuracy": 0.6153846153846154,
      "balanced_accuracy": 0.5166666666666666,
      "roc_auc": 0.7,
      "pr_auc": 0.3873015873015873,
      "precision": 0.25,
      "sensitivity": 0.3333333333333333,
      "specificity": 0.7,
      "acc": 0.6153846153846154,
      "auc": 0.7,
      "f1": 0.28571428571428575,
      "sen": 0.3333333333333333,
      "spe": 0.7,
      "mcc": 0.03042903097250923,
      "threshold": 0.5,
      "tp": 1,
      "tn": 7,
      "fp": 3,
      "fn": 2
    }
  },
  "pose_counts": {
    "pose_02": 13
  },
  "subject_level_metrics": {
    "accuracy": 0.6153846153846154,
    "balanced_accuracy": 0.5166666666666666,
    "roc_auc": 0.7,
    "pr_auc": 0.3873015873015873,
    "precision": 0.25,
    "sensitivity": 0.3333333333333333,
    "specificity": 0.7,
    "acc": 0.6153846153846154,
    "auc": 0.7,
    "f1": 0.28571428571428575,
    "sen": 0.3333333333333333,
    "spe": 0.7,
    "mcc": 0.03042903097250923,
    "threshold": 0.5,
    "tp": 1,
    "tn": 7,
    "fp": 3,
    "fn": 2
  },
  "pose_agreement": {
    "applicable": false,
    "complete_subject_pairs": 0,
    "agreement_count": 0,
    "disagreement_count": 0,
    "agreement_rate": null
  },
  "subject_results": [
    {
      "subject_id": "17",
      "true_label": 1,
      "true_class_name": "normal_hand",
      "predicted_label": 0,
      "predicted_class_index": 0,
      "predicted_class_name": "malnourished_hand",
      "positive_true_label": 0,
      "positive_pred_label": 1,
      "malnourished_probability": 0.5039757490158081,
      "pose_probabilities": {
        "pose_02": 0.5039757490158081
      },
      "pose_predictions": {
        "pose_02": 1
      },
      "poses_agree": null
    },
    {
      "subject_id": "18",
      "true_label": 1,
      "true_class_name": "normal_hand",
      "predicted_label": 1,
      "predicted_class_index": 1,
      "predicted_class_name": "normal_hand",
      "positive_true_label": 0,
      "positive_pred_label": 0,
      "malnourished_probability": 0.37778007984161377,
      "pose_probabilities": {
        "pose_02": 0.37778007984161377
      },
      "pose_predictions": {
        "pose_02": 0
      },
      "poses_agree": null
    },
    {
      "subject_id": "19",
      "true_label": 1,
      "true_class_name": "normal_hand",
      "predicted_label": 0,
      "predicted_class_index": 0,
      "predicted_class_name": "malnourished_hand",
      "positive_true_label": 0,
      "positive_pred_label": 1,
      "malnourished_probability": 0.5568891167640686,
      "pose_probabilities": {
        "pose_02": 0.5568891167640686
      },
      "pose_predictions": {
        "pose_02": 1
      },
      "poses_agree": null
    },
    {
      "subject_id": "21",
      "true_label": 1,
      "true_class_name": "normal_hand",
      "predicted_label": 1,
      "predicted_class_index": 1,
      "predicted_class_name": "normal_hand",
      "positive_true_label": 0,
      "positive_pred_label": 0,
      "malnourished_probability": 0.33128875494003296,
      "pose_probabilities": {
        "pose_02": 0.33128875494003296
      },
      "pose_predictions": {
        "pose_02": 0
      },
      "poses_agree": null
    },
    {
      "subject_id": "30",
      "true_label": 0,
      "true_class_name": "malnourished_hand",
      "predicted_label": 1,
      "predicted_class_index": 1,
      "predicted_class_name": "normal_hand",
      "positive_true_label": 1,
      "positive_pred_label": 0,
      "malnourished_probability": 0.4822043180465698,
      "pose_probabilities": {
        "pose_02": 0.4822043180465698
      },
      "pose_predictions": {
        "pose_02": 0
      },
      "poses_agree": null
    },
    {
      "subject_id": "53",
      "true_label": 1,
      "true_class_name": "normal_hand",
      "predicted_label": 1,
      "predicted_class_index": 1,
      "predicted_class_name": "normal_hand",
      "positive_true_label": 0,
      "positive_pred_label": 0,
      "malnourished_probability": 0.4304858446121216,
      "pose_probabilities": {
        "pose_02": 0.4304858446121216
      },
      "pose_predictions": {
        "pose_02": 0
      },
      "poses_agree": null
    },
    {
      "subject_id": "58",
      "true_label": 1,
      "true_class_name": "normal_hand",
      "predicted_label": 1,
      "predicted_class_index": 1,
      "predicted_class_name": "normal_hand",
      "positive_true_label": 0,
      "positive_pred_label": 0,
      "malnourished_probability": 0.4307636320590973,
      "pose_probabilities": {
        "pose_02": 0.4307636320590973
      },
      "pose_predictions": {
        "pose_02": 0
      },
      "poses_agree": null
    },
    {
      "subject_id": "71",
      "true_label": 1,
      "true_class_name": "normal_hand",
      "predicted_label": 1,
      "predicted_class_index": 1,
      "predicted_class_name": "normal_hand",
      "positive_true_label": 0,
      "positive_pred_label": 0,
      "malnourished_probability": 0.4153730571269989,
      "pose_probabilities": {
        "pose_02": 0.4153730571269989
      },
      "pose_predictions": {
        "pose_02": 0
      },
      "poses_agree": null
    },
    {
      "subject_id": "73",
      "true_label": 0,
      "true_class_name": "malnourished_hand",
      "predicted_label": 0,
      "predicted_class_index": 0,
      "predicted_class_name": "malnourished_hand",
      "positive_true_label": 1,
      "positive_pred_label": 1,
      "malnourished_probability": 0.5226171016693115,
      "pose_probabilities": {
        "pose_02": 0.5226171016693115
      },
      "pose_predictions": {
        "pose_02": 1
      },
      "poses_agree": null
    },
    {
      "subject_id": "76",
      "true_label": 1,
      "true_class_name": "normal_hand",
      "predicted_label": 1,
      "predicted_class_index": 1,
      "predicted_class_name": "normal_hand",
      "positive_true_label": 0,
      "positive_pred_label": 0,
      "malnourished_probability": 0.41739577054977417,
      "pose_probabilities": {
        "pose_02": 0.41739577054977417
      },
      "pose_predictions": {
        "pose_02": 0
      },
      "poses_agree": null
    },
    {
      "subject_id": "81",
      "true_label": 1,
      "true_class_name": "normal_hand",
      "predicted_label": 1,
      "predicted_class_index": 1,
      "predicted_class_name": "normal_hand",
      "positive_true_label": 0,
      "positive_pred_label": 0,
      "malnourished_probability": 0.4428614377975464,
      "pose_probabilities": {
        "pose_02": 0.4428614377975464
      },
      "pose_predictions": {
        "pose_02": 0
      },
      "poses_agree": null
    },
    {
      "subject_id": "83",
      "true_label": 1,
      "true_class_name": "normal_hand",
      "predicted_label": 0,