{
  "dataset": "hand_nutrition",
  "positive_class_name": "malnourished_hand",
  "hand_pose": "02",
  "classification_threshold": 0.5,
  "overall_accuracy_percent": 61.53846153846154,
  "confusion_matrix": [
    [
      1,
      2
    ],
    [
      3,
      7
    ]
  ],
  "class_accuracies": [
    {
      "class": "malnourished_hand",
      "accuracy": 33.333333333333336,
      "correct": 1,
      "total": 3
    },
    {
      "class": "normal_hand",
      "accuracy": 70.0,
      "correct": 7,
      "total": 10
    }
  ],
  "image_level_metrics": {
    "accuracy": 0.6153846153846154,
    "balanced_accuracy": 0.5166666666666666,
    "roc_auc": 0.7,
    "pr_auc": 0.3873015873015873,
    "precision": 0.25,
    "sensitivity": 0.3333333333333333,
    "specificity": 0.7,
    "acc": 0.6153846153846154,
    "auc": 0.7,
    "f1": 0.28571428571428575,
    "sen": 0.3333333333333333,
    "spe": 0.7,
    "mcc": 0.03042903097250923,
    "threshold": 0.5,
    "tp": 1,
    "tn": 7,
    "fp": 3,
    "fn": 2
  },
  "pose_level_metrics": {
    "pose_02": {
      "accuracy": 0.6153846153846154,
      "balanced_accuracy": 0.5166666666666666,
      "roc_auc": 0.7,
      "pr_auc": 0.3873015873015873,
      "precision": 0.25,
      "sensitivity": 0.3333333333333333,
      "specificity": 0.7,
      "acc": 0.6153846153846154,
      "auc": 0.7,
      "f1": 0.28571428571428575,
      "sen": 0.3333333333333333,
      "spe": 0.7,
      "mcc": 0.03042903097250923,
      "threshold": 0.5,
      "tp": 1,
      "tn": 7,
      "fp": 3,
      "fn": 2
    }
  },
  "subject_level_metrics": {
    "accuracy": 0.6153846153846154,
    "balanced_accuracy": 0.5166666666666666,
    "roc_auc": 0.7,
    "pr_auc": 0.3873015873015873,
    "precision": 0.25,
    "sensitivity": 0.3333333333333333,
    "specificity": 0.7,
    "acc": 0.6153846153846154,
    "auc": 0.7,
    "f1": 0.28571428571428575,
    "sen": 0.3333333333333333,
    "spe": 0.7,
    "mcc": 0.03042903097250923,
    "threshold": 0.5,
    "tp": 1,
    "tn": 7,
    "fp": 3,
    "fn": 2
  },
  "pose_agreement": {
    "applicable": false,
    "complete_subject_pairs": 0,
    "agreement_count": 0,
    "disagreement_count": 0,
    "agreement_rate": null
  }
}
