{
  "dataset": "hand_nutrition",
  "checkpoint_path": "/root/autodl-tmp/runs/hand_synth_expansion_qc/c1_matched_5fold_seed22/fold_0/sd21_i2i_no_cn/classifier_runs_c1_matched_textlora/c1_raw/seed22/hand_nutrition/clipViT-B/16/n_img_per_cls_full/baseline/lr1e-05_wd0.0001/final_checkpoint.pth",
  "positive_class_name": "malnourished_hand",
  "hand_pose": "02",
  "classification_threshold": 0.5,
  "overall_accuracy": 61.53846153846154,
  "confusion_matrix": [
    [
      3,
      0
    ],
    [
      5,
      5
    ]
  ],
  "class_accuracies": [
    {
      "class": "malnourished_hand",
      "accuracy": 100.0,
      "correct": 3,
      "total": 3
    },
    {
      "class": "normal_hand",
      "accuracy": 50.0,
      "correct": 5,
      "total": 10
    }
  ],
  "image_level_metrics": {
    "accuracy": 0.6153846153846154,
    "balanced_accuracy": 0.75,
    "roc_auc": 0.7666666666666667,
    "pr_auc": 0.4666666666666667,
    "precision": 0.375,
    "sensitivity": 1.0,
    "specificity": 0.5,
    "acc": 0.6153846153846154,
    "auc": 0.7666666666666667,
    "f1": 0.5454545454545454,
    "sen": 1.0,
    "spe": 0.5,
    "mcc": 0.4330127018922193,
    "threshold": 0.5,
    "tp": 3,
    "tn": 5,
    "fp": 5,
    "fn": 0
  },
  "pose_level_metrics": {
    "pose_02": {
      "accuracy": 0.6153846153846154,
      "balanced_accuracy": 0.75,
      "roc_auc": 0.7666666666666667,
      "pr_auc": 0.4666666666666667,
      "precision": 0.375,
      "sensitivity": 1.0,
      "specificity": 0.5,
      "acc": 0.6153846153846154,
      "auc": 0.7666666666666667,
      "f1": 0.5454545454545454,
      "sen": 1.0,
      "spe": 0.5,
      "mcc": 0.4330127018922193,
      "threshold": 0.5,
      "tp": 3,
      "tn": 5,
      "fp": 5,
      "fn": 0
    }
  },
  "pose_counts": {
    "pose_02": 13
  },
  "subject_level_metrics": {
    "accuracy": 0.6153846153846154,
    "balanced_accuracy": 0.75,
    "roc_auc": 0.7666666666666667,
    "pr_auc": 0.4666666666666667,
    "precision": 0.375,
    "sensitivity": 1.0,
    "specificity": 0.5,
    "acc": 0.6153846153846154,
    "auc": 0.7666666666666667,
    "f1": 0.5454545454545454,
    "sen": 1.0,
    "spe": 0.5,
    "mcc": 0.4330127018922193,
    "threshold": 0.5,
    "tp": 3,
    "tn": 5,
    "fp": 5,
    "fn": 0
  },
  "pose_agreement": {
    "applicable": false,
    "complete_subject_pairs": 0,
    "agreement_count": 0,
    "disagreement_count": 0,
    "agreement_rate": null
  },
  "subject_results": [
    {
      "subject_id": "01",
      "true_label": 1,
      "true_class_name": "normal_hand",
      "predicted_label": 0,
      "predicted_class_index": 0,
      "predicted_class_name": "malnourished_hand",
      "positive_true_label": 0,
      "positive_pred_label": 1,
      "malnourished_probability": 0.5215768218040466,
      "pose_probabilities": {
        "pose_02": 0.5215768218040466
      },
      "pose_predictions": {
        "pose_02": 1
      },
      "poses_agree": null
    },
    {
      "subject_id": "04",
      "true_label": 1,
      "true_class_name": "normal_hand",
      "predicted_label": 1,
      "predicted_class_index": 1,
      "predicted_class_name": "normal_hand",
      "positive_true_label": 0,
      "positive_pred_label": 0,
      "malnourished_probability": 0.03442595899105072,
      "pose_probabilities": {
        "pose_02": 0.03442595899105072
      },
      "pose_predictions": {
        "pose_02": 0
      },
      "poses_agree": null
    },
    {
      "subject_id": "16",
      "true_label": 1,
      "true_class_name": "normal_hand",
      "predicted_label": 1,
      "predicted_class_index": 1,
      "predicted_class_name": "normal_hand",
      "positive_true_label": 0,
      "positive_pred_label": 0,
      "malnourished_probability": 0.21434882283210754,
      "pose_probabilities": {
        "pose_02": 0.21434882283210754
      },
      "pose_predictions": {
        "pose_02": 0
      },
      "poses_agree": null
    },
    {
      "subject_id": "33",
      "true_label": 1,
      "true_class_name": "normal_hand",
      "predicted_label": 0,
      "predicted_class_index": 0,
      "predicted_class_name": "malnourished_hand",
      "positive_true_label": 0,
      "positive_pred_label": 1,
      "malnourished_probability": 0.9036993384361267,
      "pose_probabilities": {
        "pose_02": 0.9036993384361267
      },
      "pose_predictions": {
        "pose_02": 1
      },
      "poses_agree": null
    },
    {
      "subject_id": "46",
      "true_label": 0,
      "true_class_name": "malnourished_hand",
      "predicted_label": 0,
      "predicted_class_index": 0,
      "predicted_class_name": "malnourished_hand",
      "positive_true_label": 1,
      "positive_pred_label": 1,
      "malnourished_probability": 0.8794370293617249,
      "pose_probabilities": {
        "pose_02": 0.8794370293617249
      },
      "pose_predictions": {
        "pose_02": 1
      },
      "poses_agree": null
    },
    {
      "subject_id": "55",
      "true_label": 1,
      "true_class_name": "normal_hand",
      "predicted_label": 1,
      "predicted_class_index": 1,
      "predicted_class_name": "normal_hand",
      "positive_true_label": 0,
      "positive_pred_label": 0,
      "malnourished_probability": 0.15841273963451385,
      "pose_probabilities": {
        "pose_02": 0.15841273963451385
      },
      "pose_predictions": {
        "pose_02": 0
      },
      "poses_agree": null
    },
    {
      "subject_id": "66",
      "true_label": 1,
      "true_class_name": "normal_hand",
      "predicted_label": 1,
      "predicted_class_index": 1,
      "predicted_class_name": "normal_hand",
      "positive_true_label": 0,
      "positive_pred_label": 0,
      "malnourished_probability": 0.09931620955467224,
      "pose_probabilities": {
        "pose_02": 0.09931620955467224
      },
      "pose_predictions": {
        "pose_02": 0
      },
      "poses_agree": null
    },
    {
      "subject_id": "85",
      "true_label": 0,
      "true_class_name": "malnourished_hand",
      "predicted_label": 0,
      "predicted_class_index": 0,
      "predicted_class_name": "malnourished_hand",
      "positive_true_label": 1,
      "positive_pred_label": 1,
      "malnourished_probability": 0.9081470370292664,
      "pose_probabilities": {
        "pose_02": 0.9081470370292664
      },
      "pose_predictions": {
        "pose_02": 1
      },
      "poses_agree": null
    },
    {
      "subject_id": "87",
      "true_label": 1,
      "true_class_name": "normal_hand",
      "predicted_label": 0,
      "predicted_class_index": 0,
      "predicted_class_name": "malnourished_hand",
      "positive_true_label": 0,
      "positive_pred_label": 1,
      "malnourished_probability": 0.8878450989723206,
      "pose_probabilities": {
        "pose_02": 0.8878450989723206
      },
      "pose_predictions": {
        "pose_02": 1
      },
      "poses_agree": null
    },
    {
      "subject_id": "89",
      "true_label": 1,
      "true_class_name": "normal_hand",
      "predicted_label": 0,
      "predicted_class_index": 0,
      "predicted_class_name": "malnourished_hand",
      "positive_true_label": 0,
      "positive_pred_label": 1,
      "malnourished_probability": 0.5752012133598328,
      "pose_probabilities": {
        "pose_02": 0.5752012133598328
      },
      "pose_predictions": {
        "pose_02": 1
      },
      "poses_agree": null
    },
    {
      "subject_id": "93",
      "true_label": 1,
      "true_class_name": "normal_hand",
      "predicted_label": 0,
      "predicted_class_index": 0,
      "predicted_class_name": "malnourished_hand",
      "positive_true_label": 0,
      "positive_pred_label": 1,
      "malnourished_probability": 0.9960442781448364,
      "pose_probabilities": {
        "pose_02": 0.9960442781448364
      },
      "pose_predictions": {
        "pose_02": 1
      },
      "poses_agree": null
    },
    {
      "subject_id": "95",
      "true_label": 1,
      "true_class_name": "normal_hand",