{
  "dataset": "hand_nutrition",
  "checkpoint_path": "/root/autodl-tmp/runs/hand_synth_expansion_qc/c2_md_5fold_seed22/fold_4/foundhand_datadream_i2i_no_cn/classifier_runs_c2_md_separable_textlora/c1_raw/seed22/hand_nutrition/clipViT-B/16/n_img_per_cls_full/baseline/lr1e-05_wd0.0001/final_checkpoint.pth",
  "positive_class_name": "malnourished_hand",
  "hand_pose": "02",
  "classification_threshold": 0.5,
  "overall_accuracy": 84.61538461538461,
  "confusion_matrix": [
    [
      2,
      1
    ],
    [
      1,
      9
    ]
  ],
  "class_accuracies": [
    {
      "class": "malnourished_hand",
      "accuracy": 66.66666666666667,
      "correct": 2,
      "total": 3
    },
    {
      "class": "normal_hand",
      "accuracy": 90.0,
      "correct": 9,
      "total": 10
    }
  ],
  "image_level_metrics": {
    "accuracy": 0.8461538461538461,
    "balanced_accuracy": 0.7833333333333333,
    "roc_auc": 0.9,
    "pr_auc": 0.8333333333333333,
    "precision": 0.6666666666666666,
    "sensitivity": 0.6666666666666666,
    "specificity": 0.9,
    "acc": 0.8461538461538461,
    "auc": 0.9,
    "f1": 0.6666666666666666,
    "sen": 0.6666666666666666,
    "spe": 0.9,
    "mcc": 0.5666666666666667,
    "threshold": 0.5,
    "tp": 2,
    "tn": 9,
    "fp": 1,
    "fn": 1
  },
  "pose_level_metrics": {
    "pose_02": {
      "accuracy": 0.8461538461538461,
      "balanced_accuracy": 0.7833333333333333,
      "roc_auc": 0.9,
      "pr_auc": 0.8333333333333333,
      "precision": 0.6666666666666666,
      "sensitivity": 0.6666666666666666,
      "specificity": 0.9,
      "acc": 0.8461538461538461,
      "auc": 0.9,
      "f1": 0.6666666666666666,
      "sen": 0.6666666666666666,
      "spe": 0.9,
      "mcc": 0.5666666666666667,
      "threshold": 0.5,
      "tp": 2,
      "tn": 9,
      "fp": 1,
      "fn": 1
    }
  },
  "pose_counts": {
    "pose_02": 13
  },
  "subject_level_metrics": {
    "accuracy": 0.8461538461538461,
    "balanced_accuracy": 0.7833333333333333,
    "roc_auc": 0.9,
    "pr_auc": 0.8333333333333333,
    "precision": 0.6666666666666666,
    "sensitivity": 0.6666666666666666,
    "specificity": 0.9,
    "acc": 0.8461538461538461,
    "auc": 0.9,
    "f1": 0.6666666666666666,
    "sen": 0.6666666666666666,
    "spe": 0.9,
    "mcc": 0.5666666666666667,
    "threshold": 0.5,
    "tp": 2,
    "tn": 9,
    "fp": 1,
    "fn": 1
  },
  "pose_agreement": {
    "applicable": false,
    "complete_subject_pairs": 0,
    "agreement_count": 0,
    "disagreement_count": 0,
    "agreement_rate": null
  },
  "subject_results": [
    {
      "subject_id": "17",
      "true_label": 1,
      "true_class_name": "normal_hand",
      "predicted_label": 1,
      "predicted_class_index": 1,
      "predicted_class_name": "normal_hand",
      "positive_true_label": 0,
      "positive_pred_label": 0,
      "malnourished_probability": 0.06771747022867203,
      "pose_probabilities": {
        "pose_02": 0.06771747022867203
      },
      "pose_predictions": {
        "pose_02": 0
      },
      "poses_agree": null
    },
    {
      "subject_id": "18",
      "true_label": 1,
      "true_class_name": "normal_hand",
      "predicted_label": 1,
      "predicted_class_index": 1,
      "predicted_class_name": "normal_hand",
      "positive_true_label": 0,
      "positive_pred_label": 0,
      "malnourished_probability": 0.019371826201677322,
      "pose_probabilities": {
        "pose_02": 0.019371826201677322
      },
      "pose_predictions": {
        "pose_02": 0
      },
      "poses_agree": null
    },
    {
      "subject_id": "19",
      "true_label": 1,
      "true_class_name": "normal_hand",
      "predicted_label": 1,
      "predicted_class_index": 1,
      "predicted_class_name": "normal_hand",
      "positive_true_label": 0,
      "positive_pred_label": 0,
      "malnourished_probability": 0.416507363319397,
      "pose_probabilities": {
        "pose_02": 0.416507363319397
      },
      "pose_predictions": {
        "pose_02": 0
      },
      "poses_agree": null
    },
    {
      "subject_id": "21",
      "true_label": 1,
      "true_class_name": "normal_hand",
      "predicted_label": 1,
      "predicted_class_index": 1,
      "predicted_class_name": "normal_hand",
      "positive_true_label": 0,
      "positive_pred_label": 0,
      "malnourished_probability": 0.02573510631918907,
      "pose_probabilities": {
        "pose_02": 0.02573510631918907
      },
      "pose_predictions": {
        "pose_02": 0
      },
      "poses_agree": null
    },
    {
      "subject_id": "30",
      "true_label": 0,
      "true_class_name": "malnourished_hand",
      "predicted_label": 1,
      "predicted_class_index": 1,
      "predicted_class_name": "normal_hand",
      "positive_true_label": 1,
      "positive_pred_label": 0,
      "malnourished_probability": 0.1881963163614273,
      "pose_probabilities": {
        "pose_02": 0.1881963163614273
      },
      "pose_predictions": {
        "pose_02": 0
      },
      "poses_agree": null
    },
    {
      "subject_id": "53",
      "true_label": 1,
      "true_class_name": "normal_hand",
      "predicted_label": 1,
      "predicted_class_index": 1,
      "predicted_class_name": "normal_hand",
      "positive_true_label": 0,
      "positive_pred_label": 0,
      "malnourished_probability": 0.029466532170772552,
      "pose_probabilities": {
        "pose_02": 0.029466532170772552
      },
      "pose_predictions": {
        "pose_02": 0
      },
      "poses_agree": null
    },
    {
      "subject_id": "58",
      "true_label": 1,
      "true_class_name": "normal_hand",
      "predicted_label": 1,
      "predicted_class_index": 1,
      "predicted_class_name": "normal_hand",
      "positive_true_label": 0,
      "positive_pred_label": 0,
      "malnourished_probability": 0.0330917127430439,
      "pose_probabilities": {
        "pose_02": 0.0330917127430439
      },
      "pose_predictions": {
        "pose_02": 0
      },
      "poses_agree": null
    },
    {
      "subject_id": "71",
      "true_label": 1,
      "true_class_name": "normal_hand",
      "predicted_label": 1,
      "predicted_class_index": 1,
      "predicted_class_name": "normal_hand",
      "positive_true_label": 0,
      "positive_pred_label": 0,
      "malnourished_probability": 0.028864702209830284,
      "pose_probabilities": {
        "pose_02": 0.028864702209830284
      },
      "pose_predictions": {
        "pose_02": 0
      },
      "poses_agree": null
    },
    {
      "subject_id": "73",
      "true_label": 0,
      "true_class_name": "malnourished_hand",
      "predicted_label": 0,
      "predicted_class_index": 0,
      "predicted_class_name": "malnourished_hand",
      "positive_true_label": 1,
      "positive_pred_label": 1,
      "malnourished_probability": 0.8544425964355469,
      "pose_probabilities": {
        "pose_02": 0.8544425964355469
      },
      "pose_predictions": {
        "pose_02": 1
      },
      "poses_agree": null
    },
    {
      "subject_id": "76",
      "true_label": 1,
      "true_class_name": "normal_hand",
      "predicted_label": 1,
      "predicted_class_index": 1,
      "predicted_class_name": "normal_hand",
      "positive_true_label": 0,
      "positive_pred_label": 0,
      "malnourished_probability": 0.19399715960025787,
      "pose_probabilities": {
        "pose_02": 0.19399715960025787
      },
      "pose_predictions": {
        "pose_02": 0
      },
      "poses_agree": null
    },
    {
      "subject_id": "81",
      "true_label": 1,
      "true_class_name": "normal_hand",
      "predicted_label": 1,
      "predicted_class_index": 1,
      "predicted_class_name": "normal_hand",
      "positive_true_label": 0,
      "positive_pred_label": 0,
      "malnourished_probability": 0.03618451952934265,
      "pose_probabilities": {
        "pose_02": 0.03618451952934265
      },
      "pose_predictions": {
        "pose_02": 0
      },