{
  "dataset": "hand_nutrition",
  "checkpoint_path": "/root/autodl-tmp/runs/hand_synth_expansion_qc/c0_stepmatched_clean_no_roi_5fold_seed22/fold_0/seed22/hand_nutrition/clipViT-B/16/n_img_per_cls_full/baseline/lr1e-05_wd0.0001/final_checkpoint.pth",
  "positive_class_name": "malnourished_hand",
  "hand_pose": "02",
  "classification_threshold": 0.5,
  "overall_accuracy": 69.23076923076923,
  "confusion_matrix": [
    [
      2,
      1
    ],
    [
      3,
      7
    ]
  ],
  "class_accuracies": [
    {
      "class": "malnourished_hand",
      "accuracy": 66.66666666666667,
      "correct": 2,
      "total": 3
    },
    {
      "class": "normal_hand",
      "accuracy": 70.0,
      "correct": 7,
      "total": 10
    }
  ],
  "image_level_metrics": {
    "accuracy": 0.6923076923076923,
    "balanced_accuracy": 0.6833333333333333,
    "roc_auc": 0.7666666666666667,
    "pr_auc": 0.4444444444444445,
    "precision": 0.4,
    "sensitivity": 0.6666666666666666,
    "specificity": 0.7,
    "acc": 0.6923076923076923,
    "auc": 0.7666666666666667,
    "f1": 0.5,
    "sen": 0.6666666666666666,
    "spe": 0.7,
    "mcc": 0.31754264805429416,
    "threshold": 0.5,
    "tp": 2,
    "tn": 7,
    "fp": 3,
    "fn": 1
  },
  "pose_level_metrics": {
    "pose_02": {
      "accuracy": 0.6923076923076923,
      "balanced_accuracy": 0.6833333333333333,
      "roc_auc": 0.7666666666666667,
      "pr_auc": 0.4444444444444445,
      "precision": 0.4,
      "sensitivity": 0.6666666666666666,
      "specificity": 0.7,
      "acc": 0.6923076923076923,
      "auc": 0.7666666666666667,
      "f1": 0.5,
      "sen": 0.6666666666666666,
      "spe": 0.7,
      "mcc": 0.31754264805429416,
      "threshold": 0.5,
      "tp": 2,
      "tn": 7,
      "fp": 3,
      "fn": 1
    }
  },
  "pose_counts": {
    "pose_02": 13
  },
  "subject_level_metrics": {
    "accuracy": 0.6923076923076923,
    "balanced_accuracy": 0.6833333333333333,
    "roc_auc": 0.7666666666666667,
    "pr_auc": 0.4444444444444445,
    "precision": 0.4,
    "sensitivity": 0.6666666666666666,
    "specificity": 0.7,
    "acc": 0.6923076923076923,
    "auc": 0.7666666666666667,
    "f1": 0.5,
    "sen": 0.6666666666666666,
    "spe": 0.7,
    "mcc": 0.31754264805429416,
    "threshold": 0.5,
    "tp": 2,
    "tn": 7,
    "fp": 3,
    "fn": 1
  },
  "pose_agreement": {
    "applicable": false,
    "complete_subject_pairs": 0,
    "agreement_count": 0,
    "disagreement_count": 0,
    "agreement_rate": null
  },
  "subject_results": [
    {
      "subject_id": "01",
      "true_label": 1,
      "true_class_name": "normal_hand",
      "predicted_label": 1,
      "predicted_class_index": 1,
      "predicted_class_name": "normal_hand",
      "positive_true_label": 0,
      "positive_pred_label": 0,
      "malnourished_probability": 0.2257538139820099,
      "pose_probabilities": {
        "pose_02": 0.2257538139820099
      },
      "pose_predictions": {
        "pose_02": 0
      },
      "poses_agree": null
    },
    {
      "subject_id": "04",
      "true_label": 1,
      "true_class_name": "normal_hand",
      "predicted_label": 1,
      "predicted_class_index": 1,
      "predicted_class_name": "normal_hand",
      "positive_true_label": 0,
      "positive_pred_label": 0,
      "malnourished_probability": 0.0031493096612393856,
      "pose_probabilities": {
        "pose_02": 0.0031493096612393856
      },
      "pose_predictions": {
        "pose_02": 0
      },
      "poses_agree": null
    },
    {
      "subject_id": "16",
      "true_label": 1,
      "true_class_name": "normal_hand",
      "predicted_label": 1,
      "predicted_class_index": 1,
      "predicted_class_name": "normal_hand",
      "positive_true_label": 0,
      "positive_pred_label": 0,
      "malnourished_probability": 0.14182375371456146,
      "pose_probabilities": {
        "pose_02": 0.14182375371456146
      },
      "pose_predictions": {
        "pose_02": 0
      },
      "poses_agree": null
    },
    {
      "subject_id": "33",
      "true_label": 1,
      "true_class_name": "normal_hand",
      "predicted_label": 0,
      "predicted_class_index": 0,
      "predicted_class_name": "malnourished_hand",
      "positive_true_label": 0,
      "positive_pred_label": 1,
      "malnourished_probability": 0.9520232081413269,
      "pose_probabilities": {
        "pose_02": 0.9520232081413269
      },
      "pose_predictions": {
        "pose_02": 1
      },
      "poses_agree": null
    },
    {
      "subject_id": "46",
      "true_label": 0,
      "true_class_name": "malnourished_hand",
      "predicted_label": 0,
      "predicted_class_index": 0,
      "predicted_class_name": "malnourished_hand",
      "positive_true_label": 1,
      "positive_pred_label": 1,
      "malnourished_probability": 0.8712477684020996,
      "pose_probabilities": {
        "pose_02": 0.8712477684020996
      },
      "pose_predictions": {
        "pose_02": 1
      },
      "poses_agree": null
    },
    {
      "subject_id": "55",
      "true_label": 1,
      "true_class_name": "normal_hand",
      "predicted_label": 1,
      "predicted_class_index": 1,
      "predicted_class_name": "normal_hand",
      "positive_true_label": 0,
      "positive_pred_label": 0,
      "malnourished_probability": 0.05140116065740585,
      "pose_probabilities": {
        "pose_02": 0.05140116065740585
      },
      "pose_predictions": {
        "pose_02": 0
      },
      "poses_agree": null
    },
    {
      "subject_id": "66",
      "true_label": 1,
      "true_class_name": "normal_hand",
      "predicted_label": 1,
      "predicted_class_index": 1,
      "predicted_class_name": "normal_hand",
      "positive_true_label": 0,
      "positive_pred_label": 0,
      "malnourished_probability": 0.002520098118111491,
      "pose_probabilities": {
        "pose_02": 0.002520098118111491
      },
      "pose_predictions": {
        "pose_02": 0
      },
      "poses_agree": null
    },
    {
      "subject_id": "85",
      "true_label": 0,
      "true_class_name": "malnourished_hand",
      "predicted_label": 0,
      "predicted_class_index": 0,
      "predicted_class_name": "malnourished_hand",
      "positive_true_label": 1,
      "positive_pred_label": 1,
      "malnourished_probability": 0.8998315930366516,
      "pose_probabilities": {
        "pose_02": 0.8998315930366516
      },
      "pose_predictions": {
        "pose_02": 1
      },
      "poses_agree": null
    },
    {
      "subject_id": "87",
      "true_label": 1,
      "true_class_name": "normal_hand",
      "predicted_label": 0,
      "predicted_class_index": 0,
      "predicted_class_name": "malnourished_hand",
      "positive_true_label": 0,
      "positive_pred_label": 1,
      "malnourished_probability": 0.7212139368057251,
      "pose_probabilities": {
        "pose_02": 0.7212139368057251
      },
      "pose_predictions": {
        "pose_02": 1
      },
      "poses_agree": null
    },
    {
      "subject_id": "89",
      "true_label": 1,
      "true_class_name": "normal_hand",
      "predicted_label": 1,
      "predicted_class_index": 1,
      "predicted_class_name": "normal_hand",
      "positive_true_label": 0,
      "positive_pred_label": 0,
      "malnourished_probability": 0.21771669387817383,
      "pose_probabilities": {
        "pose_02": 0.21771669387817383
      },
      "pose_predictions": {
        "pose_02": 0
      },
      "poses_agree": null
    },
    {
      "subject_id": "93",
      "true_label": 1,
      "true_class_name": "normal_hand",
      "predicted_label": 0,
      "predicted_class_index": 0,
      "predicted_class_name": "malnourished_hand",
      "positive_true_label": 0,
      "positive_pred_label": 1,
      "malnourished_probability": 0.9914700388908386,
      "pose_probabilities": {
        "pose_02": 0.9914700388908386
      },
      "pose_predictions": {
        "pose_02": 1
      },
      "poses_agree": null
    },
    {
      "subject_id": "95",
      "true_label": 1,