{
  "dataset": "hand_nutrition",
  "positive_class_name": "malnourished_hand",
  "hand_pose": "02",
  "classification_threshold": 0.5,
  "overall_accuracy_percent": 69.23076923076923,
  "confusion_matrix": [
    [
      2,
      1
    ],
    [
      3,
      7
    ]
  ],
  "class_accuracies": [
    {
      "class": "malnourished_hand",
      "accuracy": 66.66666666666667,
      "correct": 2,
      "total": 3
    },
    {
      "class": "normal_hand",
      "accuracy": 70.0,
      "correct": 7,
      "total": 10
    }
  ],
  "image_level_metrics": {
    "accuracy": 0.6923076923076923,
    "balanced_accuracy": 0.6833333333333333,
    "roc_auc": 0.7666666666666667,
    "pr_auc": 0.4444444444444445,
    "precision": 0.4,
    "sensitivity": 0.6666666666666666,
    "specificity": 0.7,
    "acc": 0.6923076923076923,
    "auc": 0.7666666666666667,
    "f1": 0.5,
    "sen": 0.6666666666666666,
    "spe": 0.7,
    "mcc": 0.31754264805429416,
    "threshold": 0.5,
    "tp": 2,
    "tn": 7,
    "fp": 3,
    "fn": 1
  },
  "pose_level_metrics": {
    "pose_02": {
      "accuracy": 0.6923076923076923,
      "balanced_accuracy": 0.6833333333333333,
      "roc_auc": 0.7666666666666667,
      "pr_auc": 0.4444444444444445,
      "precision": 0.4,
      "sensitivity": 0.6666666666666666,
      "specificity": 0.7,
      "acc": 0.6923076923076923,
      "auc": 0.7666666666666667,
      "f1": 0.5,
      "sen": 0.6666666666666666,
      "spe": 0.7,
      "mcc": 0.31754264805429416,
      "threshold": 0.5,
      "tp": 2,
      "tn": 7,
      "fp": 3,
      "fn": 1
    }
  },
  "subject_level_metrics": {
    "accuracy": 0.6923076923076923,
    "balanced_accuracy": 0.6833333333333333,
    "roc_auc": 0.7666666666666667,
    "pr_auc": 0.4444444444444445,
    "precision": 0.4,
    "sensitivity": 0.6666666666666666,
    "specificity": 0.7,
    "acc": 0.6923076923076923,
    "auc": 0.7666666666666667,
    "f1": 0.5,
    "sen": 0.6666666666666666,
    "spe": 0.7,
    "mcc": 0.31754264805429416,
    "threshold": 0.5,
    "tp": 2,
    "tn": 7,
    "fp": 3,
    "fn": 1
  },
  "pose_agreement": {
    "applicable": false,
    "complete_subject_pairs": 0,
    "agreement_count": 0,
    "disagreement_count": 0,
    "agreement_rate": null
  }
}
