{
  "dataset": "hand_nutrition",
  "checkpoint_path": "/root/autodl-tmp/runs/hand_synth_expansion_qc/c0_epoch_sweep_5fold_seed22/fold_4/c0_real_60ep/seed22/hand_nutrition/clipViT-B/16/n_img_per_cls_full/baseline/lr1e-05_wd0.0001/final_checkpoint.pth",
  "positive_class_name": "malnourished_hand",
  "hand_pose": "02",
  "classification_threshold": 0.5,
  "overall_accuracy": 69.23076923076923,
  "confusion_matrix": [
    [
      1,
      2
    ],
    [
      2,
      8
    ]
  ],
  "class_accuracies": [
    {
      "class": "malnourished_hand",
      "accuracy": 33.333333333333336,
      "correct": 1,
      "total": 3
    },
    {
      "class": "normal_hand",
      "accuracy": 80.0,
      "correct": 8,
      "total": 10
    }
  ],
  "image_level_metrics": {
    "accuracy": 0.6923076923076923,
    "balanced_accuracy": 0.5666666666666667,
    "roc_auc": 0.8333333333333334,
    "pr_auc": 0.6666666666666667,
    "precision": 0.3333333333333333,
    "sensitivity": 0.3333333333333333,
    "specificity": 0.8,
    "acc": 0.6923076923076923,
    "auc": 0.8333333333333334,
    "f1": 0.3333333333333333,
    "sen": 0.3333333333333333,
    "spe": 0.8,
    "mcc": 0.13333333333333333,
    "threshold": 0.5,
    "tp": 1,
    "tn": 8,
    "fp": 2,
    "fn": 2
  },
  "pose_level_metrics": {
    "pose_02": {
      "accuracy": 0.6923076923076923,
      "balanced_accuracy": 0.5666666666666667,
      "roc_auc": 0.8333333333333334,
      "pr_auc": 0.6666666666666667,
      "precision": 0.3333333333333333,
      "sensitivity": 0.3333333333333333,
      "specificity": 0.8,
      "acc": 0.6923076923076923,
      "auc": 0.8333333333333334,
      "f1": 0.3333333333333333,
      "sen": 0.3333333333333333,
      "spe": 0.8,
      "mcc": 0.13333333333333333,
      "threshold": 0.5,
      "tp": 1,
      "tn": 8,
      "fp": 2,
      "fn": 2
    }
  },
  "pose_counts": {
    "pose_02": 13
  },
  "subject_level_metrics": {
    "accuracy": 0.6923076923076923,
    "balanced_accuracy": 0.5666666666666667,
    "roc_auc": 0.8333333333333334,
    "pr_auc": 0.6666666666666667,
    "precision": 0.3333333333333333,
    "sensitivity": 0.3333333333333333,
    "specificity": 0.8,
    "acc": 0.6923076923076923,
    "auc": 0.8333333333333334,
    "f1": 0.3333333333333333,
    "sen": 0.3333333333333333,
    "spe": 0.8,
    "mcc": 0.13333333333333333,
    "threshold": 0.5,
    "tp": 1,
    "tn": 8,
    "fp": 2,
    "fn": 2
  },
  "pose_agreement": {
    "applicable": false,
    "complete_subject_pairs": 0,
    "agreement_count": 0,
    "disagreement_count": 0,
    "agreement_rate": null
  },
  "subject_results": [
    {
      "subject_id": "17",
      "true_label": 1,
      "true_class_name": "normal_hand",
      "predicted_label": 1,
      "predicted_class_index": 1,
      "predicted_class_name": "normal_hand",
      "positive_true_label": 0,
      "positive_pred_label": 0,
      "malnourished_probability": 0.4434441328048706,
      "pose_probabilities": {
        "pose_02": 0.4434441328048706
      },
      "pose_predictions": {
        "pose_02": 0
      },
      "poses_agree": null
    },
    {
      "subject_id": "18",
      "true_label": 1,
      "true_class_name": "normal_hand",
      "predicted_label": 1,
      "predicted_class_index": 1,
      "predicted_class_name": "normal_hand",
      "positive_true_label": 0,
      "positive_pred_label": 0,
      "malnourished_probability": 0.3186855912208557,
      "pose_probabilities": {
        "pose_02": 0.3186855912208557
      },
      "pose_predictions": {
        "pose_02": 0
      },
      "poses_agree": null
    },
    {
      "subject_id": "19",
      "true_label": 1,
      "true_class_name": "normal_hand",
      "predicted_label": 0,
      "predicted_class_index": 0,
      "predicted_class_name": "malnourished_hand",
      "positive_true_label": 0,
      "positive_pred_label": 1,
      "malnourished_probability": 0.5402815341949463,
      "pose_probabilities": {
        "pose_02": 0.5402815341949463
      },
      "pose_predictions": {
        "pose_02": 1
      },
      "poses_agree": null
    },
    {
      "subject_id": "21",
      "true_label": 1,
      "true_class_name": "normal_hand",
      "predicted_label": 1,
      "predicted_class_index": 1,
      "predicted_class_name": "normal_hand",
      "positive_true_label": 0,
      "positive_pred_label": 0,
      "malnourished_probability": 0.3010071814060211,
      "pose_probabilities": {
        "pose_02": 0.3010071814060211
      },
      "pose_predictions": {
        "pose_02": 0
      },
      "poses_agree": null
    },
    {
      "subject_id": "30",
      "true_label": 0,
      "true_class_name": "malnourished_hand",
      "predicted_label": 1,
      "predicted_class_index": 1,
      "predicted_class_name": "normal_hand",
      "positive_true_label": 1,
      "positive_pred_label": 0,
      "malnourished_probability": 0.46451058983802795,
      "pose_probabilities": {
        "pose_02": 0.46451058983802795
      },
      "pose_predictions": {
        "pose_02": 0
      },
      "poses_agree": null
    },
    {
      "subject_id": "53",
      "true_label": 1,
      "true_class_name": "normal_hand",
      "predicted_label": 1,
      "predicted_class_index": 1,
      "predicted_class_name": "normal_hand",
      "positive_true_label": 0,
      "positive_pred_label": 0,
      "malnourished_probability": 0.37127017974853516,
      "pose_probabilities": {
        "pose_02": 0.37127017974853516
      },
      "pose_predictions": {
        "pose_02": 0
      },
      "poses_agree": null
    },
    {
      "subject_id": "58",
      "true_label": 1,
      "true_class_name": "normal_hand",
      "predicted_label": 1,
      "predicted_class_index": 1,
      "predicted_class_name": "normal_hand",
      "positive_true_label": 0,
      "positive_pred_label": 0,
      "malnourished_probability": 0.34866246581077576,
      "pose_probabilities": {
        "pose_02": 0.34866246581077576
      },
      "pose_predictions": {
        "pose_02": 0
      },
      "poses_agree": null
    },
    {
      "subject_id": "71",
      "true_label": 1,
      "true_class_name": "normal_hand",
      "predicted_label": 1,
      "predicted_class_index": 1,
      "predicted_class_name": "normal_hand",
      "positive_true_label": 0,
      "positive_pred_label": 0,
      "malnourished_probability": 0.3571925759315491,
      "pose_probabilities": {
        "pose_02": 0.3571925759315491
      },
      "pose_predictions": {
        "pose_02": 0
      },
      "poses_agree": null
    },
    {
      "subject_id": "73",
      "true_label": 0,
      "true_class_name": "malnourished_hand",
      "predicted_label": 0,
      "predicted_class_index": 0,
      "predicted_class_name": "malnourished_hand",
      "positive_true_label": 1,
      "positive_pred_label": 1,
      "malnourished_probability": 0.5598888993263245,
      "pose_probabilities": {
        "pose_02": 0.5598888993263245
      },
      "pose_predictions": {
        "pose_02": 1
      },
      "poses_agree": null
    },
    {
      "subject_id": "76",
      "true_label": 1,
      "true_class_name": "normal_hand",
      "predicted_label": 1,
      "predicted_class_index": 1,
      "predicted_class_name": "normal_hand",
      "positive_true_label": 0,
      "positive_pred_label": 0,
      "malnourished_probability": 0.38886910676956177,
      "pose_probabilities": {
        "pose_02": 0.38886910676956177
      },
      "pose_predictions": {
        "pose_02": 0
      },
      "poses_agree": null
    },
    {
      "subject_id": "81",
      "true_label": 1,
      "true_class_name": "normal_hand",
      "predicted_label": 1,
      "predicted_class_index": 1,
      "predicted_class_name": "normal_hand",
      "positive_true_label": 0,
      "positive_pred_label": 0,
      "malnourished_probability": 0.36488983035087585,
      "pose_probabilities": {
        "pose_02": 0.36488983035087585
      },
      "pose_predictions": {
        "pose_02": 0
      },