{
  "dataset": "hand_nutrition",
  "checkpoint_path": "/root/autodl-tmp/runs/hand_pose01_pose02_fold0/fold0_c0_prompt/hand_nutrition/clipViT-B/16/n_img_per_cls_full/baseline/lr1e-05_wd0.0001/final_checkpoint.pth",
  "positive_class_name": "malnourished_hand",
  "hand_pose": "02",
  "classification_threshold": 0.5,
  "overall_accuracy": 53.84615384615385,
  "confusion_matrix": [
    [
      2,
      1
    ],
    [
      5,
      5
    ]
  ],
  "class_accuracies": [
    {
      "class": "malnourished_hand",
      "accuracy": 66.66666666666667,
      "correct": 2,
      "total": 3
    },
    {
      "class": "normal_hand",
      "accuracy": 50.0,
      "correct": 5,
      "total": 10
    }
  ],
  "image_level_metrics": {
    "accuracy": 0.5384615384615384,
    "balanced_accuracy": 0.5833333333333333,
    "roc_auc": 0.5,
    "pr_auc": 0.3213675213675214,
    "precision": 0.2857142857142857,
    "sensitivity": 0.6666666666666666,
    "specificity": 0.5,
    "acc": 0.5384615384615384,
    "auc": 0.5,
    "f1": 0.4,
    "sen": 0.6666666666666666,
    "spe": 0.5,
    "mcc": 0.14085904245475275,
    "threshold": 0.5,
    "tp": 2,
    "tn": 5,
    "fp": 5,
    "fn": 1
  },
  "pose_level_metrics": {
    "pose_02": {
      "accuracy": 0.5384615384615384,
      "balanced_accuracy": 0.5833333333333333,
      "roc_auc": 0.5,
      "pr_auc": 0.3213675213675214,
      "precision": 0.2857142857142857,
      "sensitivity": 0.6666666666666666,
      "specificity": 0.5,
      "acc": 0.5384615384615384,
      "auc": 0.5,
      "f1": 0.4,
      "sen": 0.6666666666666666,
      "spe": 0.5,
      "mcc": 0.14085904245475275,
      "threshold": 0.5,
      "tp": 2,
      "tn": 5,
      "fp": 5,
      "fn": 1
    }
  },
  "pose_counts": {
    "pose_02": 13
  },
  "subject_level_metrics": {
    "accuracy": 0.5384615384615384,
    "balanced_accuracy": 0.5833333333333333,
    "roc_auc": 0.5,
    "pr_auc": 0.3213675213675214,
    "precision": 0.2857142857142857,
    "sensitivity": 0.6666666666666666,
    "specificity": 0.5,
    "acc": 0.5384615384615384,
    "auc": 0.5,
    "f1": 0.4,
    "sen": 0.6666666666666666,
    "spe": 0.5,
    "mcc": 0.14085904245475275,
    "threshold": 0.5,
    "tp": 2,
    "tn": 5,
    "fp": 5,
    "fn": 1
  },
  "pose_agreement": {
    "applicable": false,
    "complete_subject_pairs": 0,
    "agreement_count": 0,
    "disagreement_count": 0,
    "agreement_rate": null
  },
  "subject_results": [
    {
      "subject_id": "01",
      "true_label": 1,
      "true_class_name": "normal_hand",
      "predicted_label": 0,
      "predicted_class_index": 0,
      "predicted_class_name": "malnourished_hand",
      "positive_true_label": 0,
      "positive_pred_label": 1,
      "malnourished_probability": 0.5205667614936829,
      "pose_probabilities": {
        "pose_02": 0.5205667614936829
      },
      "pose_predictions": {
        "pose_02": 1
      },
      "poses_agree": null
    },
    {
      "subject_id": "04",
      "true_label": 1,
      "true_class_name": "normal_hand",
      "predicted_label": 1,
      "predicted_class_index": 1,
      "predicted_class_name": "normal_hand",
      "positive_true_label": 0,
      "positive_pred_label": 0,
      "malnourished_probability": 0.44588011503219604,
      "pose_probabilities": {
        "pose_02": 0.44588011503219604
      },
      "pose_predictions": {
        "pose_02": 0
      },
      "poses_agree": null
    },
    {
      "subject_id": "16",
      "true_label": 1,
      "true_class_name": "normal_hand",
      "predicted_label": 1,
      "predicted_class_index": 1,
      "predicted_class_name": "normal_hand",
      "positive_true_label": 0,
      "positive_pred_label": 0,
      "malnourished_probability": 0.4384254515171051,
      "pose_probabilities": {
        "pose_02": 0.4384254515171051
      },
      "pose_predictions": {
        "pose_02": 0
      },
      "poses_agree": null
    },
    {
      "subject_id": "33",
      "true_label": 1,
      "true_class_name": "normal_hand",
      "predicted_label": 0,
      "predicted_class_index": 0,
      "predicted_class_name": "malnourished_hand",
      "positive_true_label": 0,
      "positive_pred_label": 1,
      "malnourished_probability": 0.6143705248832703,
      "pose_probabilities": {
        "pose_02": 0.6143705248832703
      },
      "pose_predictions": {
        "pose_02": 1
      },
      "poses_agree": null
    },
    {
      "subject_id": "46",
      "true_label": 0,
      "true_class_name": "malnourished_hand",
      "predicted_label": 0,
      "predicted_class_index": 0,
      "predicted_class_name": "malnourished_hand",
      "positive_true_label": 1,
      "positive_pred_label": 1,
      "malnourished_probability": 0.5208038091659546,
      "pose_probabilities": {
        "pose_02": 0.5208038091659546
      },
      "pose_predictions": {
        "pose_02": 1
      },
      "poses_agree": null
    },
    {
      "subject_id": "55",
      "true_label": 1,
      "true_class_name": "normal_hand",
      "predicted_label": 1,
      "predicted_class_index": 1,
      "predicted_class_name": "normal_hand",
      "positive_true_label": 0,
      "positive_pred_label": 0,
      "malnourished_probability": 0.4282483458518982,
      "pose_probabilities": {
        "pose_02": 0.4282483458518982
      },
      "pose_predictions": {
        "pose_02": 0
      },
      "poses_agree": null
    },
    {
      "subject_id": "66",
      "true_label": 1,
      "true_class_name": "normal_hand",
      "predicted_label": 1,
      "predicted_class_index": 1,
      "predicted_class_name": "normal_hand",
      "positive_true_label": 0,
      "positive_pred_label": 0,
      "malnourished_probability": 0.4473697543144226,
      "pose_probabilities": {
        "pose_02": 0.4473697543144226
      },
      "pose_predictions": {
        "pose_02": 0
      },
      "poses_agree": null
    },
    {
      "subject_id": "85",
      "true_label": 0,
      "true_class_name": "malnourished_hand",
      "predicted_label": 0,
      "predicted_class_index": 0,
      "predicted_class_name": "malnourished_hand",
      "positive_true_label": 1,
      "positive_pred_label": 1,
      "malnourished_probability": 0.5943167805671692,
      "pose_probabilities": {
        "pose_02": 0.5943167805671692
      },
      "pose_predictions": {
        "pose_02": 1
      },
      "poses_agree": null
    },
    {
      "subject_id": "87",
      "true_label": 1,
      "true_class_name": "normal_hand",
      "predicted_label": 0,
      "predicted_class_index": 0,
      "predicted_class_name": "malnourished_hand",
      "positive_true_label": 0,
      "positive_pred_label": 1,
      "malnourished_probability": 0.5842758417129517,
      "pose_probabilities": {
        "pose_02": 0.5842758417129517
      },
      "pose_predictions": {
        "pose_02": 1
      },
      "poses_agree": null
    },
    {
      "subject_id": "89",
      "true_label": 1,
      "true_class_name": "normal_hand",
      "predicted_label": 0,
      "predicted_class_index": 0,
      "predicted_class_name": "malnourished_hand",
      "positive_true_label": 0,
      "positive_pred_label": 1,
      "malnourished_probability": 0.506960391998291,
      "pose_probabilities": {
        "pose_02": 0.506960391998291
      },
      "pose_predictions": {
        "pose_02": 1
      },
      "poses_agree": null
    },
    {
      "subject_id": "93",
      "true_label": 1,
      "true_class_name": "normal_hand",
      "predicted_label": 0,
      "predicted_class_index": 0,
      "predicted_class_name": "malnourished_hand",
      "positive_true_label": 0,
      "positive_pred_label": 1,
      "malnourished_probability": 0.6367917656898499,
      "pose_probabilities": {
        "pose_02": 0.6367917656898499
      },
      "pose_predictions": {
        "pose_02": 1
      },
      "poses_agree": null
    },
    {
      "subject_id": "95",
      "true_label": 1,
      "true_class_name": "normal_hand",
      "predicted_label": 1,