{
  "dataset": "hand_nutrition",
  "positive_class_name": "malnourished_hand",
  "hand_pose": "02",
  "classification_threshold": 0.5,
  "overall_accuracy_percent": 53.84615384615385,
  "confusion_matrix": [
    [
      2,
      1
    ],
    [
      5,
      5
    ]
  ],
  "class_accuracies": [
    {
      "class": "malnourished_hand",
      "accuracy": 66.66666666666667,
      "correct": 2,
      "total": 3
    },
    {
      "class": "normal_hand",
      "accuracy": 50.0,
      "correct": 5,
      "total": 10
    }
  ],
  "image_level_metrics": {
    "accuracy": 0.5384615384615384,
    "balanced_accuracy": 0.5833333333333333,
    "roc_auc": 0.5,
    "pr_auc": 0.3213675213675214,
    "precision": 0.2857142857142857,
    "sensitivity": 0.6666666666666666,
    "specificity": 0.5,
    "acc": 0.5384615384615384,
    "auc": 0.5,
    "f1": 0.4,
    "sen": 0.6666666666666666,
    "spe": 0.5,
    "mcc": 0.14085904245475275,
    "threshold": 0.5,
    "tp": 2,
    "tn": 5,
    "fp": 5,
    "fn": 1
  },
  "pose_level_metrics": {
    "pose_02": {
      "accuracy": 0.5384615384615384,
      "balanced_accuracy": 0.5833333333333333,
      "roc_auc": 0.5,
      "pr_auc": 0.3213675213675214,
      "precision": 0.2857142857142857,
      "sensitivity": 0.6666666666666666,
      "specificity": 0.5,
      "acc": 0.5384615384615384,
      "auc": 0.5,
      "f1": 0.4,
      "sen": 0.6666666666666666,
      "spe": 0.5,
      "mcc": 0.14085904245475275,
      "threshold": 0.5,
      "tp": 2,
      "tn": 5,
      "fp": 5,
      "fn": 1
    }
  },
  "subject_level_metrics": {
    "accuracy": 0.5384615384615384,
    "balanced_accuracy": 0.5833333333333333,
    "roc_auc": 0.5,
    "pr_auc": 0.3213675213675214,
    "precision": 0.2857142857142857,
    "sensitivity": 0.6666666666666666,
    "specificity": 0.5,
    "acc": 0.5384615384615384,
    "auc": 0.5,
    "f1": 0.4,
    "sen": 0.6666666666666666,
    "spe": 0.5,
    "mcc": 0.14085904245475275,
    "threshold": 0.5,
    "tp": 2,
    "tn": 5,
    "fp": 5,
    "fn": 1
  },
  "pose_agreement": {
    "applicable": false,
    "complete_subject_pairs": 0,
    "agreement_count": 0,
    "disagreement_count": 0,
    "agreement_rate": null
  }
}
