{
  "dataset": "hand_nutrition",
  "positive_class_name": "malnourished_hand",
  "hand_pose": "02",
  "classification_threshold": 0.5,
  "overall_accuracy_percent": 76.92307692307692,
  "confusion_matrix": [
    [
      2,
      1
    ],
    [
      2,
      8
    ]
  ],
  "class_accuracies": [
    {
      "class": "malnourished_hand",
      "accuracy": 66.66666666666667,
      "correct": 2,
      "total": 3
    },
    {
      "class": "normal_hand",
      "accuracy": 80.0,
      "correct": 8,
      "total": 10
    }
  ],
  "image_level_metrics": {
    "accuracy": 0.7692307692307693,
    "balanced_accuracy": 0.7333333333333334,
    "roc_auc": 0.8333333333333334,
    "pr_auc": 0.6666666666666667,
    "precision": 0.5,
    "sensitivity": 0.6666666666666666,
    "specificity": 0.8,
    "acc": 0.7692307692307693,
    "auc": 0.8333333333333334,
    "f1": 0.5714285714285715,
    "sen": 0.6666666666666666,
    "spe": 0.8,
    "mcc": 0.42600643361512924,
    "threshold": 0.5,
    "tp": 2,
    "tn": 8,
    "fp": 2,
    "fn": 1
  },
  "pose_level_metrics": {
    "pose_02": {
      "accuracy": 0.7692307692307693,
      "balanced_accuracy": 0.7333333333333334,
      "roc_auc": 0.8333333333333334,
      "pr_auc": 0.6666666666666667,
      "precision": 0.5,
      "sensitivity": 0.6666666666666666,
      "specificity": 0.8,
      "acc": 0.7692307692307693,
      "auc": 0.8333333333333334,
      "f1": 0.5714285714285715,
      "sen": 0.6666666666666666,
      "spe": 0.8,
      "mcc": 0.42600643361512924,
      "threshold": 0.5,
      "tp": 2,
      "tn": 8,
      "fp": 2,
      "fn": 1
    }
  },
  "subject_level_metrics": {
    "accuracy": 0.7692307692307693,
    "balanced_accuracy": 0.7333333333333334,
    "roc_auc": 0.8333333333333334,
    "pr_auc": 0.6666666666666667,
    "precision": 0.5,
    "sensitivity": 0.6666666666666666,
    "specificity": 0.8,
    "acc": 0.7692307692307693,
    "auc": 0.8333333333333334,
    "f1": 0.5714285714285715,
    "sen": 0.6666666666666666,
    "spe": 0.8,
    "mcc": 0.42600643361512924,
    "threshold": 0.5,
    "tp": 2,
    "tn": 8,
    "fp": 2,
    "fn": 1
  },
  "pose_agreement": {
    "applicable": false,
    "complete_subject_pairs": 0,
    "agreement_count": 0,
    "disagreement_count": 0,
    "agreement_rate": null
  }
}
