{
  "dataset": "hand_nutrition",
  "checkpoint_path": "/root/autodl-tmp/runs/hand_synth_expansion_qc/c0_stepmatched_clean_no_roi_5fold_seed22/fold_1/seed22/hand_nutrition/clipViT-B/16/n_img_per_cls_full/baseline/lr1e-05_wd0.0001/final_checkpoint.pth",
  "positive_class_name": "malnourished_hand",
  "hand_pose": "02",
  "classification_threshold": 0.5,
  "overall_accuracy": 71.42857142857143,
  "confusion_matrix": [
    [
      0,
      3
    ],
    [
      1,
      10
    ]
  ],
  "class_accuracies": [
    {
      "class": "malnourished_hand",
      "accuracy": 0.0,
      "correct": 0,
      "total": 3
    },
    {
      "class": "normal_hand",
      "accuracy": 90.9090909090909,
      "correct": 10,
      "total": 11
    }
  ],
  "image_level_metrics": {
    "accuracy": 0.7142857142857143,
    "balanced_accuracy": 0.45454545454545453,
    "roc_auc": 0.6666666666666666,
    "pr_auc": 0.38690476190476186,
    "precision": 0.0,
    "sensitivity": 0.0,
    "specificity": 0.9090909090909091,
    "acc": 0.7142857142857143,
    "auc": 0.6666666666666666,
    "f1": 0.0,
    "sen": 0.0,
    "spe": 0.9090909090909091,
    "mcc": -0.14484136487558028,
    "threshold": 0.5,
    "tp": 0,
    "tn": 10,
    "fp": 1,
    "fn": 3
  },
  "pose_level_metrics": {
    "pose_02": {
      "accuracy": 0.7142857142857143,
      "balanced_accuracy": 0.45454545454545453,
      "roc_auc": 0.6666666666666666,
      "pr_auc": 0.38690476190476186,
      "precision": 0.0,
      "sensitivity": 0.0,
      "specificity": 0.9090909090909091,
      "acc": 0.7142857142857143,
      "auc": 0.6666666666666666,
      "f1": 0.0,
      "sen": 0.0,
      "spe": 0.9090909090909091,
      "mcc": -0.14484136487558028,
      "threshold": 0.5,
      "tp": 0,
      "tn": 10,
      "fp": 1,
      "fn": 3
    }
  },
  "pose_counts": {
    "pose_02": 14
  },
  "subject_level_metrics": {
    "accuracy": 0.7142857142857143,
    "balanced_accuracy": 0.45454545454545453,
    "roc_auc": 0.6666666666666666,
    "pr_auc": 0.38690476190476186,
    "precision": 0.0,
    "sensitivity": 0.0,
    "specificity": 0.9090909090909091,
    "acc": 0.7142857142857143,
    "auc": 0.6666666666666666,
    "f1": 0.0,
    "sen": 0.0,
    "spe": 0.9090909090909091,
    "mcc": -0.14484136487558028,
    "threshold": 0.5,
    "tp": 0,
    "tn": 10,
    "fp": 1,
    "fn": 3
  },
  "pose_agreement": {
    "applicable": false,
    "complete_subject_pairs": 0,
    "agreement_count": 0,
    "disagreement_count": 0,
    "agreement_rate": null
  },
  "subject_results": [
    {
      "subject_id": "02",
      "true_label": 1,
      "true_class_name": "normal_hand",
      "predicted_label": 1,
      "predicted_class_index": 1,
      "predicted_class_name": "normal_hand",
      "positive_true_label": 0,
      "positive_pred_label": 0,
      "malnourished_probability": 0.0077641126699745655,
      "pose_probabilities": {
        "pose_02": 0.0077641126699745655
      },
      "pose_predictions": {
        "pose_02": 0
      },
      "poses_agree": null
    },
    {
      "subject_id": "20",
      "true_label": 1,
      "true_class_name": "normal_hand",
      "predicted_label": 0,
      "predicted_class_index": 0,
      "predicted_class_name": "malnourished_hand",
      "positive_true_label": 0,
      "positive_pred_label": 1,
      "malnourished_probability": 0.8053231835365295,
      "pose_probabilities": {
        "pose_02": 0.8053231835365295
      },
      "pose_predictions": {
        "pose_02": 1
      },
      "poses_agree": null
    },
    {
      "subject_id": "29",
      "true_label": 1,
      "true_class_name": "normal_hand",
      "predicted_label": 1,
      "predicted_class_index": 1,
      "predicted_class_name": "normal_hand",
      "positive_true_label": 0,
      "positive_pred_label": 0,
      "malnourished_probability": 0.1546465903520584,
      "pose_probabilities": {
        "pose_02": 0.1546465903520584
      },
      "pose_predictions": {
        "pose_02": 0
      },
      "poses_agree": null
    },
    {
      "subject_id": "32",
      "true_label": 1,
      "true_class_name": "normal_hand",
      "predicted_label": 1,
      "predicted_class_index": 1,
      "predicted_class_name": "normal_hand",
      "positive_true_label": 0,
      "positive_pred_label": 0,
      "malnourished_probability": 0.2057565152645111,
      "pose_probabilities": {
        "pose_02": 0.2057565152645111
      },
      "pose_predictions": {
        "pose_02": 0
      },
      "poses_agree": null
    },
    {
      "subject_id": "36",
      "true_label": 1,
      "true_class_name": "normal_hand",
      "predicted_label": 1,
      "predicted_class_index": 1,
      "predicted_class_name": "normal_hand",
      "positive_true_label": 0,
      "positive_pred_label": 0,
      "malnourished_probability": 0.019020555540919304,
      "pose_probabilities": {
        "pose_02": 0.019020555540919304
      },
      "pose_predictions": {
        "pose_02": 0
      },
      "poses_agree": null
    },
    {
      "subject_id": "43",
      "true_label": 1,
      "true_class_name": "normal_hand",
      "predicted_label": 1,
      "predicted_class_index": 1,
      "predicted_class_name": "normal_hand",
      "positive_true_label": 0,
      "positive_pred_label": 0,
      "malnourished_probability": 0.013153715059161186,
      "pose_probabilities": {
        "pose_02": 0.013153715059161186
      },
      "pose_predictions": {
        "pose_02": 0
      },
      "poses_agree": null
    },
    {
      "subject_id": "52",
      "true_label": 1,
      "true_class_name": "normal_hand",
      "predicted_label": 1,
      "predicted_class_index": 1,
      "predicted_class_name": "normal_hand",
      "positive_true_label": 0,
      "positive_pred_label": 0,
      "malnourished_probability": 0.0005149937351234257,
      "pose_probabilities": {
        "pose_02": 0.0005149937351234257
      },
      "pose_predictions": {
        "pose_02": 0
      },
      "poses_agree": null
    },
    {
      "subject_id": "57",
      "true_label": 0,
      "true_class_name": "malnourished_hand",
      "predicted_label": 1,
      "predicted_class_index": 1,
      "predicted_class_name": "normal_hand",
      "positive_true_label": 1,
      "positive_pred_label": 0,
      "malnourished_probability": 0.011401327326893806,
      "pose_probabilities": {
        "pose_02": 0.011401327326893806
      },
      "pose_predictions": {
        "pose_02": 0
      },
      "poses_agree": null
    },
    {
      "subject_id": "64",
      "true_label": 1,
      "true_class_name": "normal_hand",
      "predicted_label": 1,
      "predicted_class_index": 1,
      "predicted_class_name": "normal_hand",
      "positive_true_label": 0,
      "positive_pred_label": 0,
      "malnourished_probability": 0.00031021746690385044,
      "pose_probabilities": {
        "pose_02": 0.00031021746690385044
      },
      "pose_predictions": {
        "pose_02": 0
      },
      "poses_agree": null
    },
    {
      "subject_id": "68",
      "true_label": 1,
      "true_class_name": "normal_hand",
      "predicted_label": 1,
      "predicted_class_index": 1,
      "predicted_class_name": "normal_hand",
      "positive_true_label": 0,
      "positive_pred_label": 0,
      "malnourished_probability": 0.0015265645924955606,
      "pose_probabilities": {
        "pose_02": 0.0015265645924955606
      },
      "pose_predictions": {
        "pose_02": 0
      },
      "poses_agree": null
    },
    {
      "subject_id": "75",
      "true_label": 0,
      "true_class_name": "malnourished_hand",
      "predicted_label": 1,
      "predicted_class_index": 1,
      "predicted_class_name": "normal_hand",
      "positive_true_label": 1,
      "positive_pred_label": 0,
      "malnourished_probability": 0.3038197457790375,
      "pose_probabilities": {
        "pose_02": 0.3038197457790375
      },
      "pose_predictions": {
        "pose_02": 0
      },
      "poses_agree": null
    },
    {
      "subject_id": "77",