{
  "dataset": "hand_nutrition",
  "checkpoint_path": "/root/autodl-tmp/runs/hand_synth_expansion_qc/c0_epoch_sweep_5fold_seed22/fold_1/c0_real_80ep/seed22/hand_nutrition/clipViT-B/16/n_img_per_cls_full/baseline/lr1e-05_wd0.0001/final_checkpoint.pth",
  "positive_class_name": "malnourished_hand",
  "hand_pose": "02",
  "classification_threshold": 0.5,
  "overall_accuracy": 57.142857142857146,
  "confusion_matrix": [
    [
      0,
      3
    ],
    [
      3,
      8
    ]
  ],
  "class_accuracies": [
    {
      "class": "malnourished_hand",
      "accuracy": 0.0,
      "correct": 0,
      "total": 3
    },
    {
      "class": "normal_hand",
      "accuracy": 72.72727272727273,
      "correct": 8,
      "total": 11
    }
  ],
  "image_level_metrics": {
    "accuracy": 0.5714285714285714,
    "balanced_accuracy": 0.36363636363636365,
    "roc_auc": 0.45454545454545453,
    "pr_auc": 0.24074074074074073,
    "precision": 0.0,
    "sensitivity": 0.0,
    "specificity": 0.7272727272727273,
    "acc": 0.5714285714285714,
    "auc": 0.45454545454545453,
    "f1": 0.0,
    "sen": 0.0,
    "spe": 0.7272727272727273,
    "mcc": -0.2727272727272727,
    "threshold": 0.5,
    "tp": 0,
    "tn": 8,
    "fp": 3,
    "fn": 3
  },
  "pose_level_metrics": {
    "pose_02": {
      "accuracy": 0.5714285714285714,
      "balanced_accuracy": 0.36363636363636365,
      "roc_auc": 0.45454545454545453,
      "pr_auc": 0.24074074074074073,
      "precision": 0.0,
      "sensitivity": 0.0,
      "specificity": 0.7272727272727273,
      "acc": 0.5714285714285714,
      "auc": 0.45454545454545453,
      "f1": 0.0,
      "sen": 0.0,
      "spe": 0.7272727272727273,
      "mcc": -0.2727272727272727,
      "threshold": 0.5,
      "tp": 0,
      "tn": 8,
      "fp": 3,
      "fn": 3
    }
  },
  "pose_counts": {
    "pose_02": 14
  },
  "subject_level_metrics": {
    "accuracy": 0.5714285714285714,
    "balanced_accuracy": 0.36363636363636365,
    "roc_auc": 0.45454545454545453,
    "pr_auc": 0.24074074074074073,
    "precision": 0.0,
    "sensitivity": 0.0,
    "specificity": 0.7272727272727273,
    "acc": 0.5714285714285714,
    "auc": 0.45454545454545453,
    "f1": 0.0,
    "sen": 0.0,
    "spe": 0.7272727272727273,
    "mcc": -0.2727272727272727,
    "threshold": 0.5,
    "tp": 0,
    "tn": 8,
    "fp": 3,
    "fn": 3
  },
  "pose_agreement": {
    "applicable": false,
    "complete_subject_pairs": 0,
    "agreement_count": 0,
    "disagreement_count": 0,
    "agreement_rate": null
  },
  "subject_results": [
    {
      "subject_id": "02",
      "true_label": 1,
      "true_class_name": "normal_hand",
      "predicted_label": 1,
      "predicted_class_index": 1,
      "predicted_class_name": "normal_hand",
      "positive_true_label": 0,
      "positive_pred_label": 0,
      "malnourished_probability": 0.25984615087509155,
      "pose_probabilities": {
        "pose_02": 0.25984615087509155
      },
      "pose_predictions": {
        "pose_02": 0
      },
      "poses_agree": null
    },
    {
      "subject_id": "20",
      "true_label": 1,
      "true_class_name": "normal_hand",
      "predicted_label": 0,
      "predicted_class_index": 0,
      "predicted_class_name": "malnourished_hand",
      "positive_true_label": 0,
      "positive_pred_label": 1,
      "malnourished_probability": 0.7006332278251648,
      "pose_probabilities": {
        "pose_02": 0.7006332278251648
      },
      "pose_predictions": {
        "pose_02": 1
      },
      "poses_agree": null
    },
    {
      "subject_id": "29",
      "true_label": 1,
      "true_class_name": "normal_hand",
      "predicted_label": 0,
      "predicted_class_index": 0,
      "predicted_class_name": "malnourished_hand",
      "positive_true_label": 0,
      "positive_pred_label": 1,
      "malnourished_probability": 0.5121445655822754,
      "pose_probabilities": {
        "pose_02": 0.5121445655822754
      },
      "pose_predictions": {
        "pose_02": 1
      },
      "poses_agree": null
    },
    {
      "subject_id": "32",
      "true_label": 1,
      "true_class_name": "normal_hand",
      "predicted_label": 0,
      "predicted_class_index": 0,
      "predicted_class_name": "malnourished_hand",
      "positive_true_label": 0,
      "positive_pred_label": 1,
      "malnourished_probability": 0.5791735649108887,
      "pose_probabilities": {
        "pose_02": 0.5791735649108887
      },
      "pose_predictions": {
        "pose_02": 1
      },
      "poses_agree": null
    },
    {
      "subject_id": "36",
      "true_label": 1,
      "true_class_name": "normal_hand",
      "predicted_label": 1,
      "predicted_class_index": 1,
      "predicted_class_name": "normal_hand",
      "positive_true_label": 0,
      "positive_pred_label": 0,
      "malnourished_probability": 0.47479385137557983,
      "pose_probabilities": {
        "pose_02": 0.47479385137557983
      },
      "pose_predictions": {
        "pose_02": 0
      },
      "poses_agree": null
    },
    {
      "subject_id": "43",
      "true_label": 1,
      "true_class_name": "normal_hand",
      "predicted_label": 1,
      "predicted_class_index": 1,
      "predicted_class_name": "normal_hand",
      "positive_true_label": 0,
      "positive_pred_label": 0,
      "malnourished_probability": 0.409257709980011,
      "pose_probabilities": {
        "pose_02": 0.409257709980011
      },
      "pose_predictions": {
        "pose_02": 0
      },
      "poses_agree": null
    },
    {
      "subject_id": "52",
      "true_label": 1,
      "true_class_name": "normal_hand",
      "predicted_label": 1,
      "predicted_class_index": 1,
      "predicted_class_name": "normal_hand",
      "positive_true_label": 0,
      "positive_pred_label": 0,
      "malnourished_probability": 0.19218909740447998,
      "pose_probabilities": {
        "pose_02": 0.19218909740447998
      },
      "pose_predictions": {
        "pose_02": 0
      },
      "poses_agree": null
    },
    {
      "subject_id": "57",
      "true_label": 0,
      "true_class_name": "malnourished_hand",
      "predicted_label": 1,
      "predicted_class_index": 1,
      "predicted_class_name": "normal_hand",
      "positive_true_label": 1,
      "positive_pred_label": 0,
      "malnourished_probability": 0.18806929886341095,
      "pose_probabilities": {
        "pose_02": 0.18806929886341095
      },
      "pose_predictions": {
        "pose_02": 0
      },
      "poses_agree": null
    },
    {
      "subject_id": "64",
      "true_label": 1,
      "true_class_name": "normal_hand",
      "predicted_label": 1,
      "predicted_class_index": 1,
      "predicted_class_name": "normal_hand",
      "positive_true_label": 0,
      "positive_pred_label": 0,
      "malnourished_probability": 0.13691192865371704,
      "pose_probabilities": {
        "pose_02": 0.13691192865371704
      },
      "pose_predictions": {
        "pose_02": 0
      },
      "poses_agree": null
    },
    {
      "subject_id": "68",
      "true_label": 1,
      "true_class_name": "normal_hand",
      "predicted_label": 1,
      "predicted_class_index": 1,
      "predicted_class_name": "normal_hand",
      "positive_true_label": 0,
      "positive_pred_label": 0,
      "malnourished_probability": 0.16406026482582092,
      "pose_probabilities": {
        "pose_02": 0.16406026482582092
      },
      "pose_predictions": {
        "pose_02": 0
      },
      "poses_agree": null
    },
    {
      "subject_id": "75",
      "true_label": 0,
      "true_class_name": "malnourished_hand",
      "predicted_label": 1,
      "predicted_class_index": 1,
      "predicted_class_name": "normal_hand",
      "positive_true_label": 1,
      "positive_pred_label": 0,
      "malnourished_probability": 0.42878082394599915,
      "pose_probabilities": {
        "pose_02": 0.42878082394599915
      },
      "pose_predictions": {
        "pose_02": 0
      },
      "poses_agree": null
    },
    {
      "subject_id": "77",
      "true_label": 1,