{
  "dataset": "hand_nutrition",
  "checkpoint_path": "/root/autodl-tmp/runs/hand_synth_expansion_qc/c0_epoch_sweep_5fold_seed22/fold_0/c0_real_60ep/seed22/hand_nutrition/clipViT-B/16/n_img_per_cls_full/baseline/lr1e-05_wd0.0001/final_checkpoint.pth",
  "positive_class_name": "malnourished_hand",
  "hand_pose": "02",
  "classification_threshold": 0.5,
  "overall_accuracy": 61.53846153846154,
  "confusion_matrix": [
    [
      2,
      1
    ],
    [
      4,
      6
    ]
  ],
  "class_accuracies": [
    {
      "class": "malnourished_hand",
      "accuracy": 66.66666666666667,
      "correct": 2,
      "total": 3
    },
    {
      "class": "normal_hand",
      "accuracy": 60.0,
      "correct": 6,
      "total": 10
    }
  ],
  "image_level_metrics": {
    "accuracy": 0.6153846153846154,
    "balanced_accuracy": 0.6333333333333333,
    "roc_auc": 0.6666666666666666,
    "pr_auc": 0.36944444444444446,
    "precision": 0.3333333333333333,
    "sensitivity": 0.6666666666666666,
    "specificity": 0.6,
    "acc": 0.6153846153846154,
    "auc": 0.6666666666666666,
    "f1": 0.4444444444444444,
    "sen": 0.6666666666666666,
    "spe": 0.6,
    "mcc": 0.2253744679276044,
    "threshold": 0.5,
    "tp": 2,
    "tn": 6,
    "fp": 4,
    "fn": 1
  },
  "pose_level_metrics": {
    "pose_02": {
      "accuracy": 0.6153846153846154,
      "balanced_accuracy": 0.6333333333333333,
      "roc_auc": 0.6666666666666666,
      "pr_auc": 0.36944444444444446,
      "precision": 0.3333333333333333,
      "sensitivity": 0.6666666666666666,
      "specificity": 0.6,
      "acc": 0.6153846153846154,
      "auc": 0.6666666666666666,
      "f1": 0.4444444444444444,
      "sen": 0.6666666666666666,
      "spe": 0.6,
      "mcc": 0.2253744679276044,
      "threshold": 0.5,
      "tp": 2,
      "tn": 6,
      "fp": 4,
      "fn": 1
    }
  },
  "pose_counts": {
    "pose_02": 13
  },
  "subject_level_metrics": {
    "accuracy": 0.6153846153846154,
    "balanced_accuracy": 0.6333333333333333,
    "roc_auc": 0.6666666666666666,
    "pr_auc": 0.36944444444444446,
    "precision": 0.3333333333333333,
    "sensitivity": 0.6666666666666666,
    "specificity": 0.6,
    "acc": 0.6153846153846154,
    "auc": 0.6666666666666666,
    "f1": 0.4444444444444444,
    "sen": 0.6666666666666666,
    "spe": 0.6,
    "mcc": 0.2253744679276044,
    "threshold": 0.5,
    "tp": 2,
    "tn": 6,
    "fp": 4,
    "fn": 1
  },
  "pose_agreement": {
    "applicable": false,
    "complete_subject_pairs": 0,
    "agreement_count": 0,
    "disagreement_count": 0,
    "agreement_rate": null
  },
  "subject_results": [
    {
      "subject_id": "01",
      "true_label": 1,
      "true_class_name": "normal_hand",
      "predicted_label": 1,
      "predicted_class_index": 1,
      "predicted_class_name": "normal_hand",
      "positive_true_label": 0,
      "positive_pred_label": 0,
      "malnourished_probability": 0.49351823329925537,
      "pose_probabilities": {
        "pose_02": 0.49351823329925537
      },
      "pose_predictions": {
        "pose_02": 0
      },
      "poses_agree": null
    },
    {
      "subject_id": "04",
      "true_label": 1,
      "true_class_name": "normal_hand",
      "predicted_label": 1,
      "predicted_class_index": 1,
      "predicted_class_name": "normal_hand",
      "positive_true_label": 0,
      "positive_pred_label": 0,
      "malnourished_probability": 0.3997438848018646,
      "pose_probabilities": {
        "pose_02": 0.3997438848018646
      },
      "pose_predictions": {
        "pose_02": 0
      },
      "poses_agree": null
    },
    {
      "subject_id": "16",
      "true_label": 1,
      "true_class_name": "normal_hand",
      "predicted_label": 1,
      "predicted_class_index": 1,
      "predicted_class_name": "normal_hand",
      "positive_true_label": 0,
      "positive_pred_label": 0,
      "malnourished_probability": 0.39343327283859253,
      "pose_probabilities": {
        "pose_02": 0.39343327283859253
      },
      "pose_predictions": {
        "pose_02": 0
      },
      "poses_agree": null
    },
    {
      "subject_id": "33",
      "true_label": 1,
      "true_class_name": "normal_hand",
      "predicted_label": 0,
      "predicted_class_index": 0,
      "predicted_class_name": "malnourished_hand",
      "positive_true_label": 0,
      "positive_pred_label": 1,
      "malnourished_probability": 0.6726610660552979,
      "pose_probabilities": {
        "pose_02": 0.6726610660552979
      },
      "pose_predictions": {
        "pose_02": 1
      },
      "poses_agree": null
    },
    {
      "subject_id": "46",
      "true_label": 0,
      "true_class_name": "malnourished_hand",
      "predicted_label": 0,
      "predicted_class_index": 0,
      "predicted_class_name": "malnourished_hand",
      "positive_true_label": 1,
      "positive_pred_label": 1,
      "malnourished_probability": 0.5263513326644897,
      "pose_probabilities": {
        "pose_02": 0.5263513326644897
      },
      "pose_predictions": {
        "pose_02": 1
      },
      "poses_agree": null
    },
    {
      "subject_id": "55",
      "true_label": 1,
      "true_class_name": "normal_hand",
      "predicted_label": 1,
      "predicted_class_index": 1,
      "predicted_class_name": "normal_hand",
      "positive_true_label": 0,
      "positive_pred_label": 0,
      "malnourished_probability": 0.38721683621406555,
      "pose_probabilities": {
        "pose_02": 0.38721683621406555
      },
      "pose_predictions": {
        "pose_02": 0
      },
      "poses_agree": null
    },
    {
      "subject_id": "66",
      "true_label": 1,
      "true_class_name": "normal_hand",
      "predicted_label": 1,
      "predicted_class_index": 1,
      "predicted_class_name": "normal_hand",
      "positive_true_label": 0,
      "positive_pred_label": 0,
      "malnourished_probability": 0.3940069377422333,
      "pose_probabilities": {
        "pose_02": 0.3940069377422333
      },
      "pose_predictions": {
        "pose_02": 0
      },
      "poses_agree": null
    },
    {
      "subject_id": "85",
      "true_label": 0,
      "true_class_name": "malnourished_hand",
      "predicted_label": 0,
      "predicted_class_index": 0,
      "predicted_class_name": "malnourished_hand",
      "positive_true_label": 1,
      "positive_pred_label": 1,
      "malnourished_probability": 0.6242488026618958,
      "pose_probabilities": {
        "pose_02": 0.6242488026618958
      },
      "pose_predictions": {
        "pose_02": 1
      },
      "poses_agree": null
    },
    {
      "subject_id": "87",
      "true_label": 1,
      "true_class_name": "normal_hand",
      "predicted_label": 0,
      "predicted_class_index": 0,
      "predicted_class_name": "malnourished_hand",
      "positive_true_label": 0,
      "positive_pred_label": 1,
      "malnourished_probability": 0.6081923246383667,
      "pose_probabilities": {
        "pose_02": 0.6081923246383667
      },
      "pose_predictions": {
        "pose_02": 1
      },
      "poses_agree": null
    },
    {
      "subject_id": "89",
      "true_label": 1,
      "true_class_name": "normal_hand",
      "predicted_label": 0,
      "predicted_class_index": 0,
      "predicted_class_name": "malnourished_hand",
      "positive_true_label": 0,
      "positive_pred_label": 1,
      "malnourished_probability": 0.5040949583053589,
      "pose_probabilities": {
        "pose_02": 0.5040949583053589
      },
      "pose_predictions": {
        "pose_02": 1
      },
      "poses_agree": null
    },
    {
      "subject_id": "93",
      "true_label": 1,
      "true_class_name": "normal_hand",
      "predicted_label": 0,
      "predicted_class_index": 0,
      "predicted_class_name": "malnourished_hand",
      "positive_true_label": 0,
      "positive_pred_label": 1,
      "malnourished_probability": 0.7012073993682861,
      "pose_probabilities": {
        "pose_02": 0.7012073993682861
      },
      "pose_predictions": {
        "pose_02": 1
      },