{
  "dataset": "hand_nutrition",
  "checkpoint_path": "/root/autodl-tmp/runs/hand_pose01_pose02_5fold_v4pilot/fold2_c0/hand_nutrition/clipViT-B/16/n_img_per_cls_full/baseline/lr1e-05_wd0.0001/final_checkpoint.pth",
  "positive_class_name": "malnourished_hand",
  "hand_pose": "02",
  "classification_threshold": 0.5,
  "overall_accuracy": 50.0,
  "confusion_matrix": [
    [
      2,
      1
    ],
    [
      6,
      5
    ]
  ],
  "class_accuracies": [
    {
      "class": "malnourished_hand",
      "accuracy": 66.66666666666667,
      "correct": 2,
      "total": 3
    },
    {
      "class": "normal_hand",
      "accuracy": 45.45454545454545,
      "correct": 5,
      "total": 11
    }
  ],
  "image_level_metrics": {
    "accuracy": 0.5,
    "balanced_accuracy": 0.5606060606060606,
    "roc_auc": 0.5454545454545454,
    "pr_auc": 0.5,
    "precision": 0.25,
    "sensitivity": 0.6666666666666666,
    "specificity": 0.45454545454545453,
    "acc": 0.5,
    "auc": 0.5454545454545454,
    "f1": 0.36363636363636365,
    "sen": 0.6666666666666666,
    "spe": 0.45454545454545453,
    "mcc": 0.10050378152592121,
    "threshold": 0.5,
    "tp": 2,
    "tn": 5,
    "fp": 6,
    "fn": 1
  },
  "pose_level_metrics": {
    "pose_02": {
      "accuracy": 0.5,
      "balanced_accuracy": 0.5606060606060606,
      "roc_auc": 0.5454545454545454,
      "pr_auc": 0.5,
      "precision": 0.25,
      "sensitivity": 0.6666666666666666,
      "specificity": 0.45454545454545453,
      "acc": 0.5,
      "auc": 0.5454545454545454,
      "f1": 0.36363636363636365,
      "sen": 0.6666666666666666,
      "spe": 0.45454545454545453,
      "mcc": 0.10050378152592121,
      "threshold": 0.5,
      "tp": 2,
      "tn": 5,
      "fp": 6,
      "fn": 1
    }
  },
  "pose_counts": {
    "pose_02": 14
  },
  "subject_level_metrics": {
    "accuracy": 0.5,
    "balanced_accuracy": 0.5606060606060606,
    "roc_auc": 0.5454545454545454,
    "pr_auc": 0.5,
    "precision": 0.25,
    "sensitivity": 0.6666666666666666,
    "specificity": 0.45454545454545453,
    "acc": 0.5,
    "auc": 0.5454545454545454,
    "f1": 0.36363636363636365,
    "sen": 0.6666666666666666,
    "spe": 0.45454545454545453,
    "mcc": 0.10050378152592121,
    "threshold": 0.5,
    "tp": 2,
    "tn": 5,
    "fp": 6,
    "fn": 1
  },
  "pose_agreement": {
    "applicable": false,
    "complete_subject_pairs": 0,
    "agreement_count": 0,
    "disagreement_count": 0,
    "agreement_rate": null
  },
  "subject_results": [
    {
      "subject_id": "06",
      "true_label": 1,
      "true_class_name": "normal_hand",
      "predicted_label": 0,
      "predicted_class_index": 0,
      "predicted_class_name": "malnourished_hand",
      "positive_true_label": 0,
      "positive_pred_label": 1,
      "malnourished_probability": 0.5269237756729126,
      "pose_probabilities": {
        "pose_02": 0.5269237756729126
      },
      "pose_predictions": {
        "pose_02": 1
      },
      "poses_agree": null
    },
    {
      "subject_id": "14",
      "true_label": 1,
      "true_class_name": "normal_hand",
      "predicted_label": 0,
      "predicted_class_index": 0,
      "predicted_class_name": "malnourished_hand",
      "positive_true_label": 0,
      "positive_pred_label": 1,
      "malnourished_probability": 0.6044609546661377,
      "pose_probabilities": {
        "pose_02": 0.6044609546661377
      },
      "pose_predictions": {
        "pose_02": 1
      },
      "poses_agree": null
    },
    {
      "subject_id": "15",
      "true_label": 0,
      "true_class_name": "malnourished_hand",
      "predicted_label": 0,
      "predicted_class_index": 0,
      "predicted_class_name": "malnourished_hand",
      "positive_true_label": 1,
      "positive_pred_label": 1,
      "malnourished_probability": 0.6377837061882019,
      "pose_probabilities": {
        "pose_02": 0.6377837061882019
      },
      "pose_predictions": {
        "pose_02": 1
      },
      "poses_agree": null
    },
    {
      "subject_id": "26",
      "true_label": 1,
      "true_class_name": "normal_hand",
      "predicted_label": 1,
      "predicted_class_index": 1,
      "predicted_class_name": "normal_hand",
      "positive_true_label": 0,
      "positive_pred_label": 0,
      "malnourished_probability": 0.49615103006362915,
      "pose_probabilities": {
        "pose_02": 0.49615103006362915
      },
      "pose_predictions": {
        "pose_02": 0
      },
      "poses_agree": null
    },
    {
      "subject_id": "27",
      "true_label": 0,
      "true_class_name": "malnourished_hand",
      "predicted_label": 0,
      "predicted_class_index": 0,
      "predicted_class_name": "malnourished_hand",
      "positive_true_label": 1,
      "positive_pred_label": 1,
      "malnourished_probability": 0.5090712904930115,
      "pose_probabilities": {
        "pose_02": 0.5090712904930115
      },
      "pose_predictions": {
        "pose_02": 1
      },
      "poses_agree": null
    },
    {
      "subject_id": "59",
      "true_label": 1,
      "true_class_name": "normal_hand",
      "predicted_label": 0,
      "predicted_class_index": 0,
      "predicted_class_name": "malnourished_hand",
      "positive_true_label": 0,
      "positive_pred_label": 1,
      "malnourished_probability": 0.5246800780296326,
      "pose_probabilities": {
        "pose_02": 0.5246800780296326
      },
      "pose_predictions": {
        "pose_02": 1
      },
      "poses_agree": null
    },
    {
      "subject_id": "61",
      "true_label": 1,
      "true_class_name": "normal_hand",
      "predicted_label": 1,
      "predicted_class_index": 1,
      "predicted_class_name": "normal_hand",
      "positive_true_label": 0,
      "positive_pred_label": 0,
      "malnourished_probability": 0.4249870479106903,
      "pose_probabilities": {
        "pose_02": 0.4249870479106903
      },
      "pose_predictions": {
        "pose_02": 0
      },
      "poses_agree": null
    },
    {
      "subject_id": "63",
      "true_label": 1,
      "true_class_name": "normal_hand",
      "predicted_label": 1,
      "predicted_class_index": 1,
      "predicted_class_name": "normal_hand",
      "positive_true_label": 0,
      "positive_pred_label": 0,
      "malnourished_probability": 0.49673372507095337,
      "pose_probabilities": {
        "pose_02": 0.49673372507095337
      },
      "pose_predictions": {
        "pose_02": 0
      },
      "poses_agree": null
    },
    {
      "subject_id": "65",
      "true_label": 1,
      "true_class_name": "normal_hand",
      "predicted_label": 0,
      "predicted_class_index": 0,
      "predicted_class_name": "malnourished_hand",
      "positive_true_label": 0,
      "positive_pred_label": 1,
      "malnourished_probability": 0.5096538066864014,
      "pose_probabilities": {
        "pose_02": 0.5096538066864014
      },
      "pose_predictions": {
        "pose_02": 1
      },
      "poses_agree": null
    },
    {
      "subject_id": "67",
      "true_label": 1,
      "true_class_name": "normal_hand",
      "predicted_label": 1,
      "predicted_class_index": 1,
      "predicted_class_name": "normal_hand",
      "positive_true_label": 0,
      "positive_pred_label": 0,
      "malnourished_probability": 0.4773000478744507,
      "pose_probabilities": {
        "pose_02": 0.4773000478744507
      },
      "pose_predictions": {
        "pose_02": 0
      },
      "poses_agree": null
    },
    {
      "subject_id": "70",
      "true_label": 1,
      "true_class_name": "normal_hand",
      "predicted_label": 0,
      "predicted_class_index": 0,
      "predicted_class_name": "malnourished_hand",
      "positive_true_label": 0,
      "positive_pred_label": 1,
      "malnourished_probability": 0.5966736674308777,
      "pose_probabilities": {
        "pose_02": 0.5966736674308777
      },
      "pose_predictions": {
        "pose_02": 1
      },
      "poses_agree": null
    },
    {
      "subject_id": "88",
      "true_label": 0,