{
  "dataset": "hand_nutrition",
  "positive_class_name": "malnourished_hand",
  "hand_pose": "02",
  "classification_threshold": 0.5,
  "overall_accuracy_percent": 50.0,
  "confusion_matrix": [
    [
      2,
      1
    ],
    [
      6,
      5
    ]
  ],
  "class_accuracies": [
    {
      "class": "malnourished_hand",
      "accuracy": 66.66666666666667,
      "correct": 2,
      "total": 3
    },
    {
      "class": "normal_hand",
      "accuracy": 45.45454545454545,
      "correct": 5,
      "total": 11
    }
  ],
  "image_level_metrics": {
    "accuracy": 0.5,
    "balanced_accuracy": 0.5606060606060606,
    "roc_auc": 0.5454545454545454,
    "pr_auc": 0.5,
    "precision": 0.25,
    "sensitivity": 0.6666666666666666,
    "specificity": 0.45454545454545453,
    "acc": 0.5,
    "auc": 0.5454545454545454,
    "f1": 0.36363636363636365,
    "sen": 0.6666666666666666,
    "spe": 0.45454545454545453,
    "mcc": 0.10050378152592121,
    "threshold": 0.5,
    "tp": 2,
    "tn": 5,
    "fp": 6,
    "fn": 1
  },
  "pose_level_metrics": {
    "pose_02": {
      "accuracy": 0.5,
      "balanced_accuracy": 0.5606060606060606,
      "roc_auc": 0.5454545454545454,
      "pr_auc": 0.5,
      "precision": 0.25,
      "sensitivity": 0.6666666666666666,
      "specificity": 0.45454545454545453,
      "acc": 0.5,
      "auc": 0.5454545454545454,
      "f1": 0.36363636363636365,
      "sen": 0.6666666666666666,
      "spe": 0.45454545454545453,
      "mcc": 0.10050378152592121,
      "threshold": 0.5,
      "tp": 2,
      "tn": 5,
      "fp": 6,
      "fn": 1
    }
  },
  "subject_level_metrics": {
    "accuracy": 0.5,
    "balanced_accuracy": 0.5606060606060606,
    "roc_auc": 0.5454545454545454,
    "pr_auc": 0.5,
    "precision": 0.25,
    "sensitivity": 0.6666666666666666,
    "specificity": 0.45454545454545453,
    "acc": 0.5,
    "auc": 0.5454545454545454,
    "f1": 0.36363636363636365,
    "sen": 0.6666666666666666,
    "spe": 0.45454545454545453,
    "mcc": 0.10050378152592121,
    "threshold": 0.5,
    "tp": 2,
    "tn": 5,
    "fp": 6,
    "fn": 1
  },
  "pose_agreement": {
    "applicable": false,
    "complete_subject_pairs": 0,
    "agreement_count": 0,
    "disagreement_count": 0,
    "agreement_rate": null
  }
}
