{
  "dataset": "hand_nutrition",
  "checkpoint_path": "/root/autodl-tmp/runs/hand_pose01_pose02_5fold_v4pilot/fold3_c0/hand_nutrition/clipViT-B/16/n_img_per_cls_full/baseline/lr1e-05_wd0.0001/final_checkpoint.pth",
  "positive_class_name": "malnourished_hand",
  "hand_pose": "02",
  "classification_threshold": 0.5,
  "overall_accuracy": 46.15384615384615,
  "confusion_matrix": [
    [
      1,
      2
    ],
    [
      5,
      5
    ]
  ],
  "class_accuracies": [
    {
      "class": "malnourished_hand",
      "accuracy": 33.333333333333336,
      "correct": 1,
      "total": 3
    },
    {
      "class": "normal_hand",
      "accuracy": 50.0,
      "correct": 5,
      "total": 10
    }
  ],
  "image_level_metrics": {
    "accuracy": 0.46153846153846156,
    "balanced_accuracy": 0.41666666666666663,
    "roc_auc": 0.26666666666666666,
    "pr_auc": 0.2106060606060606,
    "precision": 0.16666666666666666,
    "sensitivity": 0.3333333333333333,
    "specificity": 0.5,
    "acc": 0.46153846153846156,
    "auc": 0.26666666666666666,
    "f1": 0.2222222222222222,
    "sen": 0.3333333333333333,
    "spe": 0.5,
    "mcc": -0.14085904245475275,
    "threshold": 0.5,
    "tp": 1,
    "tn": 5,
    "fp": 5,
    "fn": 2
  },
  "pose_level_metrics": {
    "pose_02": {
      "accuracy": 0.46153846153846156,
      "balanced_accuracy": 0.41666666666666663,
      "roc_auc": 0.26666666666666666,
      "pr_auc": 0.2106060606060606,
      "precision": 0.16666666666666666,
      "sensitivity": 0.3333333333333333,
      "specificity": 0.5,
      "acc": 0.46153846153846156,
      "auc": 0.26666666666666666,
      "f1": 0.2222222222222222,
      "sen": 0.3333333333333333,
      "spe": 0.5,
      "mcc": -0.14085904245475275,
      "threshold": 0.5,
      "tp": 1,
      "tn": 5,
      "fp": 5,
      "fn": 2
    }
  },
  "pose_counts": {
    "pose_02": 13
  },
  "subject_level_metrics": {
    "accuracy": 0.46153846153846156,
    "balanced_accuracy": 0.41666666666666663,
    "roc_auc": 0.26666666666666666,
    "pr_auc": 0.2106060606060606,
    "precision": 0.16666666666666666,
    "sensitivity": 0.3333333333333333,
    "specificity": 0.5,
    "acc": 0.46153846153846156,
    "auc": 0.26666666666666666,
    "f1": 0.2222222222222222,
    "sen": 0.3333333333333333,
    "spe": 0.5,
    "mcc": -0.14085904245475275,
    "threshold": 0.5,
    "tp": 1,
    "tn": 5,
    "fp": 5,
    "fn": 2
  },
  "pose_agreement": {
    "applicable": false,
    "complete_subject_pairs": 0,
    "agreement_count": 0,
    "disagreement_count": 0,
    "agreement_rate": null
  },
  "subject_results": [
    {
      "subject_id": "10",
      "true_label": 1,
      "true_class_name": "normal_hand",
      "predicted_label": 0,
      "predicted_class_index": 0,
      "predicted_class_name": "malnourished_hand",
      "positive_true_label": 0,
      "positive_pred_label": 1,
      "malnourished_probability": 0.5462162494659424,
      "pose_probabilities": {
        "pose_02": 0.5462162494659424
      },
      "pose_predictions": {
        "pose_02": 1
      },
      "poses_agree": null
    },
    {
      "subject_id": "22",
      "true_label": 1,
      "true_class_name": "normal_hand",
      "predicted_label": 0,
      "predicted_class_index": 0,
      "predicted_class_name": "malnourished_hand",
      "positive_true_label": 0,
      "positive_pred_label": 1,
      "malnourished_probability": 0.5141611695289612,
      "pose_probabilities": {
        "pose_02": 0.5141611695289612
      },
      "pose_predictions": {
        "pose_02": 1
      },
      "poses_agree": null
    },
    {
      "subject_id": "31",
      "true_label": 1,
      "true_class_name": "normal_hand",
      "predicted_label": 1,
      "predicted_class_index": 1,
      "predicted_class_name": "normal_hand",
      "positive_true_label": 0,
      "positive_pred_label": 0,
      "malnourished_probability": 0.4668854773044586,
      "pose_probabilities": {
        "pose_02": 0.4668854773044586
      },
      "pose_predictions": {
        "pose_02": 0
      },
      "poses_agree": null
    },
    {
      "subject_id": "35",
      "true_label": 0,
      "true_class_name": "malnourished_hand",
      "predicted_label": 0,
      "predicted_class_index": 0,
      "predicted_class_name": "malnourished_hand",
      "positive_true_label": 1,
      "positive_pred_label": 1,
      "malnourished_probability": 0.5179213881492615,
      "pose_probabilities": {
        "pose_02": 0.5179213881492615
      },
      "pose_predictions": {
        "pose_02": 1
      },
      "poses_agree": null
    },
    {
      "subject_id": "45",
      "true_label": 1,
      "true_class_name": "normal_hand",
      "predicted_label": 1,
      "predicted_class_index": 1,
      "predicted_class_name": "normal_hand",
      "positive_true_label": 0,
      "positive_pred_label": 0,
      "malnourished_probability": 0.4332216680049896,
      "pose_probabilities": {
        "pose_02": 0.4332216680049896
      },
      "pose_predictions": {
        "pose_02": 0
      },
      "poses_agree": null
    },
    {
      "subject_id": "47",
      "true_label": 1,
      "true_class_name": "normal_hand",
      "predicted_label": 0,
      "predicted_class_index": 0,
      "predicted_class_name": "malnourished_hand",
      "positive_true_label": 0,
      "positive_pred_label": 1,
      "malnourished_probability": 0.5518945455551147,
      "pose_probabilities": {
        "pose_02": 0.5518945455551147
      },
      "pose_predictions": {
        "pose_02": 1
      },
      "poses_agree": null
    },
    {
      "subject_id": "48",
      "true_label": 1,
      "true_class_name": "normal_hand",
      "predicted_label": 1,
      "predicted_class_index": 1,
      "predicted_class_name": "normal_hand",
      "positive_true_label": 0,
      "positive_pred_label": 0,
      "malnourished_probability": 0.49064937233924866,
      "pose_probabilities": {
        "pose_02": 0.49064937233924866
      },
      "pose_predictions": {
        "pose_02": 0
      },
      "poses_agree": null
    },
    {
      "subject_id": "60",
      "true_label": 1,
      "true_class_name": "normal_hand",
      "predicted_label": 0,
      "predicted_class_index": 0,
      "predicted_class_name": "malnourished_hand",
      "positive_true_label": 0,
      "positive_pred_label": 1,
      "malnourished_probability": 0.5580927133560181,
      "pose_probabilities": {
        "pose_02": 0.5580927133560181
      },
      "pose_predictions": {
        "pose_02": 1
      },
      "poses_agree": null
    },
    {
      "subject_id": "62",
      "true_label": 1,
      "true_class_name": "normal_hand",
      "predicted_label": 1,
      "predicted_class_index": 1,
      "predicted_class_name": "normal_hand",
      "positive_true_label": 0,
      "positive_pred_label": 0,
      "malnourished_probability": 0.4354344606399536,
      "pose_probabilities": {
        "pose_02": 0.4354344606399536
      },
      "pose_predictions": {
        "pose_02": 0
      },
      "poses_agree": null
    },
    {
      "subject_id": "69",
      "true_label": 0,
      "true_class_name": "malnourished_hand",
      "predicted_label": 1,
      "predicted_class_index": 1,
      "predicted_class_name": "normal_hand",
      "positive_true_label": 1,
      "positive_pred_label": 0,
      "malnourished_probability": 0.40677544474601746,
      "pose_probabilities": {
        "pose_02": 0.40677544474601746
      },
      "pose_predictions": {
        "pose_02": 0
      },
      "poses_agree": null
    },
    {
      "subject_id": "72",
      "true_label": 1,
      "true_class_name": "normal_hand",
      "predicted_label": 1,
      "predicted_class_index": 1,
      "predicted_class_name": "normal_hand",
      "positive_true_label": 0,
      "positive_pred_label": 0,
      "malnourished_probability": 0.4024884104728699,
      "pose_probabilities": {
        "pose_02": 0.4024884104728699
      },
      "pose_predictions": {
        "pose_02": 0
      },