{
  "dataset": "hand_nutrition",
  "positive_class_name": "malnourished_hand",
  "hand_pose": "02",
  "classification_threshold": 0.5,
  "overall_accuracy_percent": 46.15384615384615,
  "confusion_matrix": [
    [
      1,
      2
    ],
    [
      5,
      5
    ]
  ],
  "class_accuracies": [
    {
      "class": "malnourished_hand",
      "accuracy": 33.333333333333336,
      "correct": 1,
      "total": 3
    },
    {
      "class": "normal_hand",
      "accuracy": 50.0,
      "correct": 5,
      "total": 10
    }
  ],
  "image_level_metrics": {
    "accuracy": 0.46153846153846156,
    "balanced_accuracy": 0.41666666666666663,
    "roc_auc": 0.26666666666666666,
    "pr_auc": 0.2106060606060606,
    "precision": 0.16666666666666666,
    "sensitivity": 0.3333333333333333,
    "specificity": 0.5,
    "acc": 0.46153846153846156,
    "auc": 0.26666666666666666,
    "f1": 0.2222222222222222,
    "sen": 0.3333333333333333,
    "spe": 0.5,
    "mcc": -0.14085904245475275,
    "threshold": 0.5,
    "tp": 1,
    "tn": 5,
    "fp": 5,
    "fn": 2
  },
  "pose_level_metrics": {
    "pose_02": {
      "accuracy": 0.46153846153846156,
      "balanced_accuracy": 0.41666666666666663,
      "roc_auc": 0.26666666666666666,
      "pr_auc": 0.2106060606060606,
      "precision": 0.16666666666666666,
      "sensitivity": 0.3333333333333333,
      "specificity": 0.5,
      "acc": 0.46153846153846156,
      "auc": 0.26666666666666666,
      "f1": 0.2222222222222222,
      "sen": 0.3333333333333333,
      "spe": 0.5,
      "mcc": -0.14085904245475275,
      "threshold": 0.5,
      "tp": 1,
      "tn": 5,
      "fp": 5,
      "fn": 2
    }
  },
  "subject_level_metrics": {
    "accuracy": 0.46153846153846156,
    "balanced_accuracy": 0.41666666666666663,
    "roc_auc": 0.26666666666666666,
    "pr_auc": 0.2106060606060606,
    "precision": 0.16666666666666666,
    "sensitivity": 0.3333333333333333,
    "specificity": 0.5,
    "acc": 0.46153846153846156,
    "auc": 0.26666666666666666,
    "f1": 0.2222222222222222,
    "sen": 0.3333333333333333,
    "spe": 0.5,
    "mcc": -0.14085904245475275,
    "threshold": 0.5,
    "tp": 1,
    "tn": 5,
    "fp": 5,
    "fn": 2
  },
  "pose_agreement": {
    "applicable": false,
    "complete_subject_pairs": 0,
    "agreement_count": 0,
    "disagreement_count": 0,
    "agreement_rate": null
  }
}
