{
  "dataset": "hand_nutrition",
  "checkpoint_path": "/root/autodl-tmp/runs/hand_synth_expansion_qc/c2_qc_scaleup/fold_0/datadream_i2i_no_cn/classifier_runs_c2_md_soft_textlora/c2_qc/seed22/hand_nutrition/clipViT-B/16/n_img_per_cls_full/baseline/lr1e-05_wd0.0001/final_checkpoint.pth",
  "positive_class_name": "malnourished_hand",
  "hand_pose": "02",
  "classification_threshold": 0.5,
  "overall_accuracy": 76.92307692307692,
  "confusion_matrix": [
    [
      3,
      0
    ],
    [
      3,
      7
    ]
  ],
  "class_accuracies": [
    {
      "class": "malnourished_hand",
      "accuracy": 100.0,
      "correct": 3,
      "total": 3
    },
    {
      "class": "normal_hand",
      "accuracy": 70.0,
      "correct": 7,
      "total": 10
    }
  ],
  "image_level_metrics": {
    "accuracy": 0.7692307692307693,
    "balanced_accuracy": 0.85,
    "roc_auc": 0.7666666666666667,
    "pr_auc": 0.4666666666666667,
    "precision": 0.5,
    "sensitivity": 1.0,
    "specificity": 0.7,
    "acc": 0.7692307692307693,
    "auc": 0.7666666666666667,
    "f1": 0.6666666666666666,
    "sen": 1.0,
    "spe": 0.7,
    "mcc": 0.5916079783099616,
    "threshold": 0.5,
    "tp": 3,
    "tn": 7,
    "fp": 3,
    "fn": 0
  },
  "pose_level_metrics": {
    "pose_02": {
      "accuracy": 0.7692307692307693,
      "balanced_accuracy": 0.85,
      "roc_auc": 0.7666666666666667,
      "pr_auc": 0.4666666666666667,
      "precision": 0.5,
      "sensitivity": 1.0,
      "specificity": 0.7,
      "acc": 0.7692307692307693,
      "auc": 0.7666666666666667,
      "f1": 0.6666666666666666,
      "sen": 1.0,
      "spe": 0.7,
      "mcc": 0.5916079783099616,
      "threshold": 0.5,
      "tp": 3,
      "tn": 7,
      "fp": 3,
      "fn": 0
    }
  },
  "pose_counts": {
    "pose_02": 13
  },
  "subject_level_metrics": {
    "accuracy": 0.7692307692307693,
    "balanced_accuracy": 0.85,
    "roc_auc": 0.7666666666666667,
    "pr_auc": 0.4666666666666667,
    "precision": 0.5,
    "sensitivity": 1.0,
    "specificity": 0.7,
    "acc": 0.7692307692307693,
    "auc": 0.7666666666666667,
    "f1": 0.6666666666666666,
    "sen": 1.0,
    "spe": 0.7,
    "mcc": 0.5916079783099616,
    "threshold": 0.5,
    "tp": 3,
    "tn": 7,
    "fp": 3,
    "fn": 0
  },
  "pose_agreement": {
    "applicable": false,
    "complete_subject_pairs": 0,
    "agreement_count": 0,
    "disagreement_count": 0,
    "agreement_rate": null
  },
  "subject_results": [
    {
      "subject_id": "01",
      "true_label": 1,
      "true_class_name": "normal_hand",
      "predicted_label": 1,
      "predicted_class_index": 1,
      "predicted_class_name": "normal_hand",
      "positive_true_label": 0,
      "positive_pred_label": 0,
      "malnourished_probability": 0.26468193531036377,
      "pose_probabilities": {
        "pose_02": 0.26468193531036377
      },
      "pose_predictions": {
        "pose_02": 0
      },
      "poses_agree": null
    },
    {
      "subject_id": "04",
      "true_label": 1,
      "true_class_name": "normal_hand",
      "predicted_label": 1,
      "predicted_class_index": 1,
      "predicted_class_name": "normal_hand",
      "positive_true_label": 0,
      "positive_pred_label": 0,
      "malnourished_probability": 0.02263282984495163,
      "pose_probabilities": {
        "pose_02": 0.02263282984495163
      },
      "pose_predictions": {
        "pose_02": 0
      },
      "poses_agree": null
    },
    {
      "subject_id": "16",
      "true_label": 1,
      "true_class_name": "normal_hand",
      "predicted_label": 1,
      "predicted_class_index": 1,
      "predicted_class_name": "normal_hand",
      "positive_true_label": 0,
      "positive_pred_label": 0,
      "malnourished_probability": 0.13124452531337738,
      "pose_probabilities": {
        "pose_02": 0.13124452531337738
      },
      "pose_predictions": {
        "pose_02": 0
      },
      "poses_agree": null
    },
    {
      "subject_id": "33",
      "true_label": 1,
      "true_class_name": "normal_hand",
      "predicted_label": 0,
      "predicted_class_index": 0,
      "predicted_class_name": "malnourished_hand",
      "positive_true_label": 0,
      "positive_pred_label": 1,
      "malnourished_probability": 0.859479546546936,
      "pose_probabilities": {
        "pose_02": 0.859479546546936
      },
      "pose_predictions": {
        "pose_02": 1
      },
      "poses_agree": null
    },
    {
      "subject_id": "46",
      "true_label": 0,
      "true_class_name": "malnourished_hand",
      "predicted_label": 0,
      "predicted_class_index": 0,
      "predicted_class_name": "malnourished_hand",
      "positive_true_label": 1,
      "positive_pred_label": 1,
      "malnourished_probability": 0.790251612663269,
      "pose_probabilities": {
        "pose_02": 0.790251612663269
      },
      "pose_predictions": {
        "pose_02": 1
      },
      "poses_agree": null
    },
    {
      "subject_id": "55",
      "true_label": 1,
      "true_class_name": "normal_hand",
      "predicted_label": 1,
      "predicted_class_index": 1,
      "predicted_class_name": "normal_hand",
      "positive_true_label": 0,
      "positive_pred_label": 0,
      "malnourished_probability": 0.05553451552987099,
      "pose_probabilities": {
        "pose_02": 0.05553451552987099
      },
      "pose_predictions": {
        "pose_02": 0
      },
      "poses_agree": null
    },
    {
      "subject_id": "66",
      "true_label": 1,
      "true_class_name": "normal_hand",
      "predicted_label": 1,
      "predicted_class_index": 1,
      "predicted_class_name": "normal_hand",
      "positive_true_label": 0,
      "positive_pred_label": 0,
      "malnourished_probability": 0.058077938854694366,
      "pose_probabilities": {
        "pose_02": 0.058077938854694366
      },
      "pose_predictions": {
        "pose_02": 0
      },
      "poses_agree": null
    },
    {
      "subject_id": "85",
      "true_label": 0,
      "true_class_name": "malnourished_hand",
      "predicted_label": 0,
      "predicted_class_index": 0,
      "predicted_class_name": "malnourished_hand",
      "positive_true_label": 1,
      "positive_pred_label": 1,
      "malnourished_probability": 0.9602381587028503,
      "pose_probabilities": {
        "pose_02": 0.9602381587028503
      },
      "pose_predictions": {
        "pose_02": 1
      },
      "poses_agree": null
    },
    {
      "subject_id": "87",
      "true_label": 1,
      "true_class_name": "normal_hand",
      "predicted_label": 0,
      "predicted_class_index": 0,
      "predicted_class_name": "malnourished_hand",
      "positive_true_label": 0,
      "positive_pred_label": 1,
      "malnourished_probability": 0.8323394060134888,
      "pose_probabilities": {
        "pose_02": 0.8323394060134888
      },
      "pose_predictions": {
        "pose_02": 1
      },
      "poses_agree": null
    },
    {
      "subject_id": "89",
      "true_label": 1,
      "true_class_name": "normal_hand",
      "predicted_label": 1,
      "predicted_class_index": 1,
      "predicted_class_name": "normal_hand",
      "positive_true_label": 0,
      "positive_pred_label": 0,
      "malnourished_probability": 0.3809681236743927,
      "pose_probabilities": {
        "pose_02": 0.3809681236743927
      },
      "pose_predictions": {
        "pose_02": 0
      },
      "poses_agree": null
    },
    {
      "subject_id": "93",
      "true_label": 1,
      "true_class_name": "normal_hand",
      "predicted_label": 0,
      "predicted_class_index": 0,
      "predicted_class_name": "malnourished_hand",
      "positive_true_label": 0,
      "positive_pred_label": 1,
      "malnourished_probability": 0.9931806325912476,
      "pose_probabilities": {
        "pose_02": 0.9931806325912476
      },
      "pose_predictions": {
        "pose_02": 1
      },
      "poses_agree": null
    },
    {
      "subject_id": "95",
      "true_label": 1,
      "true_class_name": "normal_hand",
      "predicted_label": 1,