{
  "dataset": "hand_nutrition",
  "checkpoint_path": "/root/autodl-tmp/runs/hand_synth_expansion_qc/c0_epoch_sweep_5fold_seed22/fold_1/c0_real_60ep/seed22/hand_nutrition/clipViT-B/16/n_img_per_cls_full/baseline/lr1e-05_wd0.0001/final_checkpoint.pth",
  "positive_class_name": "malnourished_hand",
  "hand_pose": "02",
  "classification_threshold": 0.5,
  "overall_accuracy": 57.142857142857146,
  "confusion_matrix": [
    [
      0,
      3
    ],
    [
      3,
      8
    ]
  ],
  "class_accuracies": [
    {
      "class": "malnourished_hand",
      "accuracy": 0.0,
      "correct": 0,
      "total": 3
    },
    {
      "class": "normal_hand",
      "accuracy": 72.72727272727273,
      "correct": 8,
      "total": 11
    }
  ],
  "image_level_metrics": {
    "accuracy": 0.5714285714285714,
    "balanced_accuracy": 0.36363636363636365,
    "roc_auc": 0.30303030303030304,
    "pr_auc": 0.1994949494949495,
    "precision": 0.0,
    "sensitivity": 0.0,
    "specificity": 0.7272727272727273,
    "acc": 0.5714285714285714,
    "auc": 0.30303030303030304,
    "f1": 0.0,
    "sen": 0.0,
    "spe": 0.7272727272727273,
    "mcc": -0.2727272727272727,
    "threshold": 0.5,
    "tp": 0,
    "tn": 8,
    "fp": 3,
    "fn": 3
  },
  "pose_level_metrics": {
    "pose_02": {
      "accuracy": 0.5714285714285714,
      "balanced_accuracy": 0.36363636363636365,
      "roc_auc": 0.30303030303030304,
      "pr_auc": 0.1994949494949495,
      "precision": 0.0,
      "sensitivity": 0.0,
      "specificity": 0.7272727272727273,
      "acc": 0.5714285714285714,
      "auc": 0.30303030303030304,
      "f1": 0.0,
      "sen": 0.0,
      "spe": 0.7272727272727273,
      "mcc": -0.2727272727272727,
      "threshold": 0.5,
      "tp": 0,
      "tn": 8,
      "fp": 3,
      "fn": 3
    }
  },
  "pose_counts": {
    "pose_02": 14
  },
  "subject_level_metrics": {
    "accuracy": 0.5714285714285714,
    "balanced_accuracy": 0.36363636363636365,
    "roc_auc": 0.30303030303030304,
    "pr_auc": 0.1994949494949495,
    "precision": 0.0,
    "sensitivity": 0.0,
    "specificity": 0.7272727272727273,
    "acc": 0.5714285714285714,
    "auc": 0.30303030303030304,
    "f1": 0.0,
    "sen": 0.0,
    "spe": 0.7272727272727273,
    "mcc": -0.2727272727272727,
    "threshold": 0.5,
    "tp": 0,
    "tn": 8,
    "fp": 3,
    "fn": 3
  },
  "pose_agreement": {
    "applicable": false,
    "complete_subject_pairs": 0,
    "agreement_count": 0,
    "disagreement_count": 0,
    "agreement_rate": null
  },
  "subject_results": [
    {
      "subject_id": "02",
      "true_label": 1,
      "true_class_name": "normal_hand",
      "predicted_label": 1,
      "predicted_class_index": 1,
      "predicted_class_name": "normal_hand",
      "positive_true_label": 0,
      "positive_pred_label": 0,
      "malnourished_probability": 0.38416731357574463,
      "pose_probabilities": {
        "pose_02": 0.38416731357574463
      },
      "pose_predictions": {
        "pose_02": 0
      },
      "poses_agree": null
    },
    {
      "subject_id": "20",
      "true_label": 1,
      "true_class_name": "normal_hand",
      "predicted_label": 0,
      "predicted_class_index": 0,
      "predicted_class_name": "malnourished_hand",
      "positive_true_label": 0,
      "positive_pred_label": 1,
      "malnourished_probability": 0.6369337439537048,
      "pose_probabilities": {
        "pose_02": 0.6369337439537048
      },
      "pose_predictions": {
        "pose_02": 1
      },
      "poses_agree": null
    },
    {
      "subject_id": "29",
      "true_label": 1,
      "true_class_name": "normal_hand",
      "predicted_label": 0,
      "predicted_class_index": 0,
      "predicted_class_name": "malnourished_hand",
      "positive_true_label": 0,
      "positive_pred_label": 1,
      "malnourished_probability": 0.509028434753418,
      "pose_probabilities": {
        "pose_02": 0.509028434753418
      },
      "pose_predictions": {
        "pose_02": 1
      },
      "poses_agree": null
    },
    {
      "subject_id": "32",
      "true_label": 1,
      "true_class_name": "normal_hand",
      "predicted_label": 0,
      "predicted_class_index": 0,
      "predicted_class_name": "malnourished_hand",
      "positive_true_label": 0,
      "positive_pred_label": 1,
      "malnourished_probability": 0.5441589951515198,
      "pose_probabilities": {
        "pose_02": 0.5441589951515198
      },
      "pose_predictions": {
        "pose_02": 1
      },
      "poses_agree": null
    },
    {
      "subject_id": "36",
      "true_label": 1,
      "true_class_name": "normal_hand",
      "predicted_label": 1,
      "predicted_class_index": 1,
      "predicted_class_name": "normal_hand",
      "positive_true_label": 0,
      "positive_pred_label": 0,
      "malnourished_probability": 0.49884986877441406,
      "pose_probabilities": {
        "pose_02": 0.49884986877441406
      },
      "pose_predictions": {
        "pose_02": 0
      },
      "poses_agree": null
    },
    {
      "subject_id": "43",
      "true_label": 1,
      "true_class_name": "normal_hand",
      "predicted_label": 1,
      "predicted_class_index": 1,
      "predicted_class_name": "normal_hand",
      "positive_true_label": 0,
      "positive_pred_label": 0,
      "malnourished_probability": 0.46657595038414,
      "pose_probabilities": {
        "pose_02": 0.46657595038414
      },
      "pose_predictions": {
        "pose_02": 0
      },
      "poses_agree": null
    },
    {
      "subject_id": "52",
      "true_label": 1,
      "true_class_name": "normal_hand",
      "predicted_label": 1,
      "predicted_class_index": 1,
      "predicted_class_name": "normal_hand",
      "positive_true_label": 0,
      "positive_pred_label": 0,
      "malnourished_probability": 0.3502720296382904,
      "pose_probabilities": {
        "pose_02": 0.3502720296382904
      },
      "pose_predictions": {
        "pose_02": 0
      },
      "poses_agree": null
    },
    {
      "subject_id": "57",
      "true_label": 0,
      "true_class_name": "malnourished_hand",
      "predicted_label": 1,
      "predicted_class_index": 1,
      "predicted_class_name": "normal_hand",
      "positive_true_label": 1,
      "positive_pred_label": 0,
      "malnourished_probability": 0.2824999690055847,
      "pose_probabilities": {
        "pose_02": 0.2824999690055847
      },
      "pose_predictions": {
        "pose_02": 0
      },
      "poses_agree": null
    },
    {
      "subject_id": "64",
      "true_label": 1,
      "true_class_name": "normal_hand",
      "predicted_label": 1,
      "predicted_class_index": 1,
      "predicted_class_name": "normal_hand",
      "positive_true_label": 0,
      "positive_pred_label": 0,
      "malnourished_probability": 0.2764081656932831,
      "pose_probabilities": {
        "pose_02": 0.2764081656932831
      },
      "pose_predictions": {
        "pose_02": 0
      },
      "poses_agree": null
    },
    {
      "subject_id": "68",
      "true_label": 1,
      "true_class_name": "normal_hand",
      "predicted_label": 1,
      "predicted_class_index": 1,
      "predicted_class_name": "normal_hand",
      "positive_true_label": 0,
      "positive_pred_label": 0,
      "malnourished_probability": 0.28961181640625,
      "pose_probabilities": {
        "pose_02": 0.28961181640625
      },
      "pose_predictions": {
        "pose_02": 0
      },
      "poses_agree": null
    },
    {
      "subject_id": "75",
      "true_label": 0,
      "true_class_name": "malnourished_hand",
      "predicted_label": 1,
      "predicted_class_index": 1,
      "predicted_class_name": "normal_hand",
      "positive_true_label": 1,
      "positive_pred_label": 0,
      "malnourished_probability": 0.4546660780906677,
      "pose_probabilities": {
        "pose_02": 0.4546660780906677
      },
      "pose_predictions": {
        "pose_02": 0
      },
      "poses_agree": null
    },
    {
      "subject_id": "77",
      "true_label": 1,