{
  "dataset": "hand_nutrition",
  "checkpoint_path": "/root/autodl-tmp/runs/hand_synth_expansion_qc/c2_qc_scaleup/fold_0/foundhand_datadream_i2i_no_cn/classifier_runs_c2_md_soft_textlora/c2_qc/seed22/hand_nutrition/clipViT-B/16/n_img_per_cls_full/baseline/lr1e-05_wd0.0001/final_checkpoint.pth",
  "positive_class_name": "malnourished_hand",
  "hand_pose": "02",
  "classification_threshold": 0.5,
  "overall_accuracy": 69.23076923076923,
  "confusion_matrix": [
    [
      3,
      0
    ],
    [
      4,
      6
    ]
  ],
  "class_accuracies": [
    {
      "class": "malnourished_hand",
      "accuracy": 100.0,
      "correct": 3,
      "total": 3
    },
    {
      "class": "normal_hand",
      "accuracy": 60.0,
      "correct": 6,
      "total": 10
    }
  ],
  "image_level_metrics": {
    "accuracy": 0.6923076923076923,
    "balanced_accuracy": 0.8,
    "roc_auc": 0.7333333333333333,
    "pr_auc": 0.44285714285714284,
    "precision": 0.42857142857142855,
    "sensitivity": 1.0,
    "specificity": 0.6,
    "acc": 0.6923076923076923,
    "auc": 0.7333333333333333,
    "f1": 0.6,
    "sen": 1.0,
    "spe": 0.6,
    "mcc": 0.50709255283711,
    "threshold": 0.5,
    "tp": 3,
    "tn": 6,
    "fp": 4,
    "fn": 0
  },
  "pose_level_metrics": {
    "pose_02": {
      "accuracy": 0.6923076923076923,
      "balanced_accuracy": 0.8,
      "roc_auc": 0.7333333333333333,
      "pr_auc": 0.44285714285714284,
      "precision": 0.42857142857142855,
      "sensitivity": 1.0,
      "specificity": 0.6,
      "acc": 0.6923076923076923,
      "auc": 0.7333333333333333,
      "f1": 0.6,
      "sen": 1.0,
      "spe": 0.6,
      "mcc": 0.50709255283711,
      "threshold": 0.5,
      "tp": 3,
      "tn": 6,
      "fp": 4,
      "fn": 0
    }
  },
  "pose_counts": {
    "pose_02": 13
  },
  "subject_level_metrics": {
    "accuracy": 0.6923076923076923,
    "balanced_accuracy": 0.8,
    "roc_auc": 0.7333333333333333,
    "pr_auc": 0.44285714285714284,
    "precision": 0.42857142857142855,
    "sensitivity": 1.0,
    "specificity": 0.6,
    "acc": 0.6923076923076923,
    "auc": 0.7333333333333333,
    "f1": 0.6,
    "sen": 1.0,
    "spe": 0.6,
    "mcc": 0.50709255283711,
    "threshold": 0.5,
    "tp": 3,
    "tn": 6,
    "fp": 4,
    "fn": 0
  },
  "pose_agreement": {
    "applicable": false,
    "complete_subject_pairs": 0,
    "agreement_count": 0,
    "disagreement_count": 0,
    "agreement_rate": null
  },
  "subject_results": [
    {
      "subject_id": "01",
      "true_label": 1,
      "true_class_name": "normal_hand",
      "predicted_label": 1,
      "predicted_class_index": 1,
      "predicted_class_name": "normal_hand",
      "positive_true_label": 0,
      "positive_pred_label": 0,
      "malnourished_probability": 0.2674649655818939,
      "pose_probabilities": {
        "pose_02": 0.2674649655818939
      },
      "pose_predictions": {
        "pose_02": 0
      },
      "poses_agree": null
    },
    {
      "subject_id": "04",
      "true_label": 1,
      "true_class_name": "normal_hand",
      "predicted_label": 1,
      "predicted_class_index": 1,
      "predicted_class_name": "normal_hand",
      "positive_true_label": 0,
      "positive_pred_label": 0,
      "malnourished_probability": 0.043894730508327484,
      "pose_probabilities": {
        "pose_02": 0.043894730508327484
      },
      "pose_predictions": {
        "pose_02": 0
      },
      "poses_agree": null
    },
    {
      "subject_id": "16",
      "true_label": 1,
      "true_class_name": "normal_hand",
      "predicted_label": 1,
      "predicted_class_index": 1,
      "predicted_class_name": "normal_hand",
      "positive_true_label": 0,
      "positive_pred_label": 0,
      "malnourished_probability": 0.18424347043037415,
      "pose_probabilities": {
        "pose_02": 0.18424347043037415
      },
      "pose_predictions": {
        "pose_02": 0
      },
      "poses_agree": null
    },
    {
      "subject_id": "33",
      "true_label": 1,
      "true_class_name": "normal_hand",
      "predicted_label": 0,
      "predicted_class_index": 0,
      "predicted_class_name": "malnourished_hand",
      "positive_true_label": 0,
      "positive_pred_label": 1,
      "malnourished_probability": 0.8646174669265747,
      "pose_probabilities": {
        "pose_02": 0.8646174669265747
      },
      "pose_predictions": {
        "pose_02": 1
      },
      "poses_agree": null
    },
    {
      "subject_id": "46",
      "true_label": 0,
      "true_class_name": "malnourished_hand",
      "predicted_label": 0,
      "predicted_class_index": 0,
      "predicted_class_name": "malnourished_hand",
      "positive_true_label": 1,
      "positive_pred_label": 1,
      "malnourished_probability": 0.5164573192596436,
      "pose_probabilities": {
        "pose_02": 0.5164573192596436
      },
      "pose_predictions": {
        "pose_02": 1
      },
      "poses_agree": null
    },
    {
      "subject_id": "55",
      "true_label": 1,
      "true_class_name": "normal_hand",
      "predicted_label": 1,
      "predicted_class_index": 1,
      "predicted_class_name": "normal_hand",
      "positive_true_label": 0,
      "positive_pred_label": 0,
      "malnourished_probability": 0.14371079206466675,
      "pose_probabilities": {
        "pose_02": 0.14371079206466675
      },
      "pose_predictions": {
        "pose_02": 0
      },
      "poses_agree": null
    },
    {
      "subject_id": "66",
      "true_label": 1,
      "true_class_name": "normal_hand",
      "predicted_label": 1,
      "predicted_class_index": 1,
      "predicted_class_name": "normal_hand",
      "positive_true_label": 0,
      "positive_pred_label": 0,
      "malnourished_probability": 0.16580669581890106,
      "pose_probabilities": {
        "pose_02": 0.16580669581890106
      },
      "pose_predictions": {
        "pose_02": 0
      },
      "poses_agree": null
    },
    {
      "subject_id": "85",
      "true_label": 0,
      "true_class_name": "malnourished_hand",
      "predicted_label": 0,
      "predicted_class_index": 0,
      "predicted_class_name": "malnourished_hand",
      "positive_true_label": 1,
      "positive_pred_label": 1,
      "malnourished_probability": 0.9297487735748291,
      "pose_probabilities": {
        "pose_02": 0.9297487735748291
      },
      "pose_predictions": {
        "pose_02": 1
      },
      "poses_agree": null
    },
    {
      "subject_id": "87",
      "true_label": 1,
      "true_class_name": "normal_hand",
      "predicted_label": 0,
      "predicted_class_index": 0,
      "predicted_class_name": "malnourished_hand",
      "positive_true_label": 0,
      "positive_pred_label": 1,
      "malnourished_probability": 0.8447927832603455,
      "pose_probabilities": {
        "pose_02": 0.8447927832603455
      },
      "pose_predictions": {
        "pose_02": 1
      },
      "poses_agree": null
    },
    {
      "subject_id": "89",
      "true_label": 1,
      "true_class_name": "normal_hand",
      "predicted_label": 0,
      "predicted_class_index": 0,
      "predicted_class_name": "malnourished_hand",
      "positive_true_label": 0,
      "positive_pred_label": 1,
      "malnourished_probability": 0.6866787075996399,
      "pose_probabilities": {
        "pose_02": 0.6866787075996399
      },
      "pose_predictions": {
        "pose_02": 1
      },
      "poses_agree": null
    },
    {
      "subject_id": "93",
      "true_label": 1,
      "true_class_name": "normal_hand",
      "predicted_label": 0,
      "predicted_class_index": 0,
      "predicted_class_name": "malnourished_hand",
      "positive_true_label": 0,
      "positive_pred_label": 1,
      "malnourished_probability": 0.9861310720443726,
      "pose_probabilities": {
        "pose_02": 0.9861310720443726
      },
      "pose_predictions": {
        "pose_02": 1
      },
      "poses_agree": null
    },
    {
      "subject_id": "95",
      "true_label": 1,
      "true_class_name": "normal_hand",