{
  "dataset": "hand_nutrition",
  "positive_class_name": "malnourished_hand",
  "hand_pose": "02",
  "classification_threshold": 0.5,
  "overall_accuracy_percent": 69.23076923076923,
  "confusion_matrix": [
    [
      3,
      0
    ],
    [
      4,
      6
    ]
  ],
  "class_accuracies": [
    {
      "class": "malnourished_hand",
      "accuracy": 100.0,
      "correct": 3,
      "total": 3
    },
    {
      "class": "normal_hand",
      "accuracy": 60.0,
      "correct": 6,
      "total": 10
    }
  ],
  "image_level_metrics": {
    "accuracy": 0.6923076923076923,
    "balanced_accuracy": 0.8,
    "roc_auc": 0.7333333333333333,
    "pr_auc": 0.44285714285714284,
    "precision": 0.42857142857142855,
    "sensitivity": 1.0,
    "specificity": 0.6,
    "acc": 0.6923076923076923,
    "auc": 0.7333333333333333,
    "f1": 0.6,
    "sen": 1.0,
    "spe": 0.6,
    "mcc": 0.50709255283711,
    "threshold": 0.5,
    "tp": 3,
    "tn": 6,
    "fp": 4,
    "fn": 0
  },
  "pose_level_metrics": {
    "pose_02": {
      "accuracy": 0.6923076923076923,
      "balanced_accuracy": 0.8,
      "roc_auc": 0.7333333333333333,
      "pr_auc": 0.44285714285714284,
      "precision": 0.42857142857142855,
      "sensitivity": 1.0,
      "specificity": 0.6,
      "acc": 0.6923076923076923,
      "auc": 0.7333333333333333,
      "f1": 0.6,
      "sen": 1.0,
      "spe": 0.6,
      "mcc": 0.50709255283711,
      "threshold": 0.5,
      "tp": 3,
      "tn": 6,
      "fp": 4,
      "fn": 0
    }
  },
  "subject_level_metrics": {
    "accuracy": 0.6923076923076923,
    "balanced_accuracy": 0.8,
    "roc_auc": 0.7333333333333333,
    "pr_auc": 0.44285714285714284,
    "precision": 0.42857142857142855,
    "sensitivity": 1.0,
    "specificity": 0.6,
    "acc": 0.6923076923076923,
    "auc": 0.7333333333333333,
    "f1": 0.6,
    "sen": 1.0,
    "spe": 0.6,
    "mcc": 0.50709255283711,
    "threshold": 0.5,
    "tp": 3,
    "tn": 6,
    "fp": 4,
    "fn": 0
  },
  "pose_agreement": {
    "applicable": false,
    "complete_subject_pairs": 0,
    "agreement_count": 0,
    "disagreement_count": 0,
    "agreement_rate": null
  }
}
