{
  "dataset": "hand_nutrition",
  "checkpoint_path": "/root/autodl-tmp/runs/hand_synth_expansion_qc/c0_epoch_sweep_5fold_seed22/fold_3/c0_real_60ep/seed22/hand_nutrition/clipViT-B/16/n_img_per_cls_full/baseline/lr1e-05_wd0.0001/final_checkpoint.pth",
  "positive_class_name": "malnourished_hand",
  "hand_pose": "02",
  "classification_threshold": 0.5,
  "overall_accuracy": 53.84615384615385,
  "confusion_matrix": [
    [
      1,
      2
    ],
    [
      4,
      6
    ]
  ],
  "class_accuracies": [
    {
      "class": "malnourished_hand",
      "accuracy": 33.333333333333336,
      "correct": 1,
      "total": 3
    },
    {
      "class": "normal_hand",
      "accuracy": 60.0,
      "correct": 6,
      "total": 10
    }
  ],
  "image_level_metrics": {
    "accuracy": 0.5384615384615384,
    "balanced_accuracy": 0.4666666666666667,
    "roc_auc": 0.43333333333333335,
    "pr_auc": 0.27609427609427606,
    "precision": 0.2,
    "sensitivity": 0.3333333333333333,
    "specificity": 0.6,
    "acc": 0.5384615384615384,
    "auc": 0.43333333333333335,
    "f1": 0.25,
    "sen": 0.3333333333333333,
    "spe": 0.6,
    "mcc": -0.05773502691896257,
    "threshold": 0.5,
    "tp": 1,
    "tn": 6,
    "fp": 4,
    "fn": 2
  },
  "pose_level_metrics": {
    "pose_02": {
      "accuracy": 0.5384615384615384,
      "balanced_accuracy": 0.4666666666666667,
      "roc_auc": 0.43333333333333335,
      "pr_auc": 0.27609427609427606,
      "precision": 0.2,
      "sensitivity": 0.3333333333333333,
      "specificity": 0.6,
      "acc": 0.5384615384615384,
      "auc": 0.43333333333333335,
      "f1": 0.25,
      "sen": 0.3333333333333333,
      "spe": 0.6,
      "mcc": -0.05773502691896257,
      "threshold": 0.5,
      "tp": 1,
      "tn": 6,
      "fp": 4,
      "fn": 2
    }
  },
  "pose_counts": {
    "pose_02": 13
  },
  "subject_level_metrics": {
    "accuracy": 0.5384615384615384,
    "balanced_accuracy": 0.4666666666666667,
    "roc_auc": 0.43333333333333335,
    "pr_auc": 0.27609427609427606,
    "precision": 0.2,
    "sensitivity": 0.3333333333333333,
    "specificity": 0.6,
    "acc": 0.5384615384615384,
    "auc": 0.43333333333333335,
    "f1": 0.25,
    "sen": 0.3333333333333333,
    "spe": 0.6,
    "mcc": -0.05773502691896257,
    "threshold": 0.5,
    "tp": 1,
    "tn": 6,
    "fp": 4,
    "fn": 2
  },
  "pose_agreement": {
    "applicable": false,
    "complete_subject_pairs": 0,
    "agreement_count": 0,
    "disagreement_count": 0,
    "agreement_rate": null
  },
  "subject_results": [
    {
      "subject_id": "10",
      "true_label": 1,
      "true_class_name": "normal_hand",
      "predicted_label": 1,
      "predicted_class_index": 1,
      "predicted_class_name": "normal_hand",
      "positive_true_label": 0,
      "positive_pred_label": 0,
      "malnourished_probability": 0.4609656035900116,
      "pose_probabilities": {
        "pose_02": 0.4609656035900116
      },
      "pose_predictions": {
        "pose_02": 0
      },
      "poses_agree": null
    },
    {
      "subject_id": "22",
      "true_label": 1,
      "true_class_name": "normal_hand",
      "predicted_label": 0,
      "predicted_class_index": 0,
      "predicted_class_name": "malnourished_hand",
      "positive_true_label": 0,
      "positive_pred_label": 1,
      "malnourished_probability": 0.5318334698677063,
      "pose_probabilities": {
        "pose_02": 0.5318334698677063
      },
      "pose_predictions": {
        "pose_02": 1
      },
      "poses_agree": null
    },
    {
      "subject_id": "31",
      "true_label": 1,
      "true_class_name": "normal_hand",
      "predicted_label": 1,
      "predicted_class_index": 1,
      "predicted_class_name": "normal_hand",
      "positive_true_label": 0,
      "positive_pred_label": 0,
      "malnourished_probability": 0.45079755783081055,
      "pose_probabilities": {
        "pose_02": 0.45079755783081055
      },
      "pose_predictions": {
        "pose_02": 0
      },
      "poses_agree": null
    },
    {
      "subject_id": "35",
      "true_label": 0,
      "true_class_name": "malnourished_hand",
      "predicted_label": 0,
      "predicted_class_index": 0,
      "predicted_class_name": "malnourished_hand",
      "positive_true_label": 1,
      "positive_pred_label": 1,
      "malnourished_probability": 0.5404350757598877,
      "pose_probabilities": {
        "pose_02": 0.5404350757598877
      },
      "pose_predictions": {
        "pose_02": 1
      },
      "poses_agree": null
    },
    {
      "subject_id": "45",
      "true_label": 1,
      "true_class_name": "normal_hand",
      "predicted_label": 1,
      "predicted_class_index": 1,
      "predicted_class_name": "normal_hand",
      "positive_true_label": 0,
      "positive_pred_label": 0,
      "malnourished_probability": 0.40664657950401306,
      "pose_probabilities": {
        "pose_02": 0.40664657950401306
      },
      "pose_predictions": {
        "pose_02": 0
      },
      "poses_agree": null
    },
    {
      "subject_id": "47",
      "true_label": 1,
      "true_class_name": "normal_hand",
      "predicted_label": 0,
      "predicted_class_index": 0,
      "predicted_class_name": "malnourished_hand",
      "positive_true_label": 0,
      "positive_pred_label": 1,
      "malnourished_probability": 0.5676164031028748,
      "pose_probabilities": {
        "pose_02": 0.5676164031028748
      },
      "pose_predictions": {
        "pose_02": 1
      },
      "poses_agree": null
    },
    {
      "subject_id": "48",
      "true_label": 1,
      "true_class_name": "normal_hand",
      "predicted_label": 1,
      "predicted_class_index": 1,
      "predicted_class_name": "normal_hand",
      "positive_true_label": 0,
      "positive_pred_label": 0,
      "malnourished_probability": 0.4608774483203888,
      "pose_probabilities": {
        "pose_02": 0.4608774483203888
      },
      "pose_predictions": {
        "pose_02": 0
      },
      "poses_agree": null
    },
    {
      "subject_id": "60",
      "true_label": 1,
      "true_class_name": "normal_hand",
      "predicted_label": 0,
      "predicted_class_index": 0,
      "predicted_class_name": "malnourished_hand",
      "positive_true_label": 0,
      "positive_pred_label": 1,
      "malnourished_probability": 0.5059191584587097,
      "pose_probabilities": {
        "pose_02": 0.5059191584587097
      },
      "pose_predictions": {
        "pose_02": 1
      },
      "poses_agree": null
    },
    {
      "subject_id": "62",
      "true_label": 1,
      "true_class_name": "normal_hand",
      "predicted_label": 1,
      "predicted_class_index": 1,
      "predicted_class_name": "normal_hand",
      "positive_true_label": 0,
      "positive_pred_label": 0,
      "malnourished_probability": 0.36194664239883423,
      "pose_probabilities": {
        "pose_02": 0.36194664239883423
      },
      "pose_predictions": {
        "pose_02": 0
      },
      "poses_agree": null
    },
    {
      "subject_id": "69",
      "true_label": 0,
      "true_class_name": "malnourished_hand",
      "predicted_label": 1,
      "predicted_class_index": 1,
      "predicted_class_name": "normal_hand",
      "positive_true_label": 1,
      "positive_pred_label": 0,
      "malnourished_probability": 0.37513044476509094,
      "pose_probabilities": {
        "pose_02": 0.37513044476509094
      },
      "pose_predictions": {
        "pose_02": 0
      },
      "poses_agree": null
    },
    {
      "subject_id": "72",
      "true_label": 1,
      "true_class_name": "normal_hand",
      "predicted_label": 1,
      "predicted_class_index": 1,
      "predicted_class_name": "normal_hand",
      "positive_true_label": 0,
      "positive_pred_label": 0,
      "malnourished_probability": 0.34632882475852966,
      "pose_probabilities": {
        "pose_02": 0.34632882475852966
      },
      "pose_predictions": {
        "pose_02": 0
      },
      "poses_agree": null
    },
    {
      "subject_id": "97",