{
  "dataset": "hand_nutrition",
  "positive_class_name": "malnourished_hand",
  "hand_pose": "02",
  "classification_threshold": 0.5,
  "overall_accuracy_percent": 53.84615384615385,
  "confusion_matrix": [
    [
      1,
      2
    ],
    [
      4,
      6
    ]
  ],
  "class_accuracies": [
    {
      "class": "malnourished_hand",
      "accuracy": 33.333333333333336,
      "correct": 1,
      "total": 3
    },
    {
      "class": "normal_hand",
      "accuracy": 60.0,
      "correct": 6,
      "total": 10
    }
  ],
  "image_level_metrics": {
    "accuracy": 0.5384615384615384,
    "balanced_accuracy": 0.4666666666666667,
    "roc_auc": 0.43333333333333335,
    "pr_auc": 0.27609427609427606,
    "precision": 0.2,
    "sensitivity": 0.3333333333333333,
    "specificity": 0.6,
    "acc": 0.5384615384615384,
    "auc": 0.43333333333333335,
    "f1": 0.25,
    "sen": 0.3333333333333333,
    "spe": 0.6,
    "mcc": -0.05773502691896257,
    "threshold": 0.5,
    "tp": 1,
    "tn": 6,
    "fp": 4,
    "fn": 2
  },
  "pose_level_metrics": {
    "pose_02": {
      "accuracy": 0.5384615384615384,
      "balanced_accuracy": 0.4666666666666667,
      "roc_auc": 0.43333333333333335,
      "pr_auc": 0.27609427609427606,
      "precision": 0.2,
      "sensitivity": 0.3333333333333333,
      "specificity": 0.6,
      "acc": 0.5384615384615384,
      "auc": 0.43333333333333335,
      "f1": 0.25,
      "sen": 0.3333333333333333,
      "spe": 0.6,
      "mcc": -0.05773502691896257,
      "threshold": 0.5,
      "tp": 1,
      "tn": 6,
      "fp": 4,
      "fn": 2
    }
  },
  "subject_level_metrics": {
    "accuracy": 0.5384615384615384,
    "balanced_accuracy": 0.4666666666666667,
    "roc_auc": 0.43333333333333335,
    "pr_auc": 0.27609427609427606,
    "precision": 0.2,
    "sensitivity": 0.3333333333333333,
    "specificity": 0.6,
    "acc": 0.5384615384615384,
    "auc": 0.43333333333333335,
    "f1": 0.25,
    "sen": 0.3333333333333333,
    "spe": 0.6,
    "mcc": -0.05773502691896257,
    "threshold": 0.5,
    "tp": 1,
    "tn": 6,
    "fp": 4,
    "fn": 2
  },
  "pose_agreement": {
    "applicable": false,
    "complete_subject_pairs": 0,
    "agreement_count": 0,
    "disagreement_count": 0,
    "agreement_rate": null
  }
}
