{
  "dataset": "hand_nutrition",
  "checkpoint_path": "/root/autodl-tmp/runs/hand_synth_expansion_qc/c0_stepmatched_clean_no_roi_5fold_seed22/fold_4/seed22/hand_nutrition/clipViT-B/16/n_img_per_cls_full/baseline/lr1e-05_wd0.0001/final_checkpoint.pth",
  "positive_class_name": "malnourished_hand",
  "hand_pose": "02",
  "classification_threshold": 0.5,
  "overall_accuracy": 84.61538461538461,
  "confusion_matrix": [
    [
      1,
      2
    ],
    [
      0,
      10
    ]
  ],
  "class_accuracies": [
    {
      "class": "malnourished_hand",
      "accuracy": 33.333333333333336,
      "correct": 1,
      "total": 3
    },
    {
      "class": "normal_hand",
      "accuracy": 100.0,
      "correct": 10,
      "total": 10
    }
  ],
  "image_level_metrics": {
    "accuracy": 0.8461538461538461,
    "balanced_accuracy": 0.6666666666666666,
    "roc_auc": 0.8333333333333334,
    "pr_auc": 0.6666666666666667,
    "precision": 1.0,
    "sensitivity": 0.3333333333333333,
    "specificity": 1.0,
    "acc": 0.8461538461538461,
    "auc": 0.8333333333333334,
    "f1": 0.5,
    "sen": 0.3333333333333333,
    "spe": 1.0,
    "mcc": 0.5270462766947299,
    "threshold": 0.5,
    "tp": 1,
    "tn": 10,
    "fp": 0,
    "fn": 2
  },
  "pose_level_metrics": {
    "pose_02": {
      "accuracy": 0.8461538461538461,
      "balanced_accuracy": 0.6666666666666666,
      "roc_auc": 0.8333333333333334,
      "pr_auc": 0.6666666666666667,
      "precision": 1.0,
      "sensitivity": 0.3333333333333333,
      "specificity": 1.0,
      "acc": 0.8461538461538461,
      "auc": 0.8333333333333334,
      "f1": 0.5,
      "sen": 0.3333333333333333,
      "spe": 1.0,
      "mcc": 0.5270462766947299,
      "threshold": 0.5,
      "tp": 1,
      "tn": 10,
      "fp": 0,
      "fn": 2
    }
  },
  "pose_counts": {
    "pose_02": 13
  },
  "subject_level_metrics": {
    "accuracy": 0.8461538461538461,
    "balanced_accuracy": 0.6666666666666666,
    "roc_auc": 0.8333333333333334,
    "pr_auc": 0.6666666666666667,
    "precision": 1.0,
    "sensitivity": 0.3333333333333333,
    "specificity": 1.0,
    "acc": 0.8461538461538461,
    "auc": 0.8333333333333334,
    "f1": 0.5,
    "sen": 0.3333333333333333,
    "spe": 1.0,
    "mcc": 0.5270462766947299,
    "threshold": 0.5,
    "tp": 1,
    "tn": 10,
    "fp": 0,
    "fn": 2
  },
  "pose_agreement": {
    "applicable": false,
    "complete_subject_pairs": 0,
    "agreement_count": 0,
    "disagreement_count": 0,
    "agreement_rate": null
  },
  "subject_results": [
    {
      "subject_id": "17",
      "true_label": 1,
      "true_class_name": "normal_hand",
      "predicted_label": 1,
      "predicted_class_index": 1,
      "predicted_class_name": "normal_hand",
      "positive_true_label": 0,
      "positive_pred_label": 0,
      "malnourished_probability": 0.000595009361859411,
      "pose_probabilities": {
        "pose_02": 0.000595009361859411
      },
      "pose_predictions": {
        "pose_02": 0
      },
      "poses_agree": null
    },
    {
      "subject_id": "18",
      "true_label": 1,
      "true_class_name": "normal_hand",
      "predicted_label": 1,
      "predicted_class_index": 1,
      "predicted_class_name": "normal_hand",
      "positive_true_label": 0,
      "positive_pred_label": 0,
      "malnourished_probability": 0.00030763514223508537,
      "pose_probabilities": {
        "pose_02": 0.00030763514223508537
      },
      "pose_predictions": {
        "pose_02": 0
      },
      "poses_agree": null
    },
    {
      "subject_id": "19",
      "true_label": 1,
      "true_class_name": "normal_hand",
      "predicted_label": 1,
      "predicted_class_index": 1,
      "predicted_class_name": "normal_hand",
      "positive_true_label": 0,
      "positive_pred_label": 0,
      "malnourished_probability": 0.0579504631459713,
      "pose_probabilities": {
        "pose_02": 0.0579504631459713
      },
      "pose_predictions": {
        "pose_02": 0
      },
      "poses_agree": null
    },
    {
      "subject_id": "21",
      "true_label": 1,
      "true_class_name": "normal_hand",
      "predicted_label": 1,
      "predicted_class_index": 1,
      "predicted_class_name": "normal_hand",
      "positive_true_label": 0,
      "positive_pred_label": 0,
      "malnourished_probability": 0.0009491321980021894,
      "pose_probabilities": {
        "pose_02": 0.0009491321980021894
      },
      "pose_predictions": {
        "pose_02": 0
      },
      "poses_agree": null
    },
    {
      "subject_id": "30",
      "true_label": 0,
      "true_class_name": "malnourished_hand",
      "predicted_label": 1,
      "predicted_class_index": 1,
      "predicted_class_name": "normal_hand",
      "positive_true_label": 1,
      "positive_pred_label": 0,
      "malnourished_probability": 0.016167329624295235,
      "pose_probabilities": {
        "pose_02": 0.016167329624295235
      },
      "pose_predictions": {
        "pose_02": 0
      },
      "poses_agree": null
    },
    {
      "subject_id": "53",
      "true_label": 1,
      "true_class_name": "normal_hand",
      "predicted_label": 1,
      "predicted_class_index": 1,
      "predicted_class_name": "normal_hand",
      "positive_true_label": 0,
      "positive_pred_label": 0,
      "malnourished_probability": 0.0006082592881284654,
      "pose_probabilities": {
        "pose_02": 0.0006082592881284654
      },
      "pose_predictions": {
        "pose_02": 0
      },
      "poses_agree": null
    },
    {
      "subject_id": "58",
      "true_label": 1,
      "true_class_name": "normal_hand",
      "predicted_label": 1,
      "predicted_class_index": 1,
      "predicted_class_name": "normal_hand",
      "positive_true_label": 0,
      "positive_pred_label": 0,
      "malnourished_probability": 0.0003594149020500481,
      "pose_probabilities": {
        "pose_02": 0.0003594149020500481
      },
      "pose_predictions": {
        "pose_02": 0
      },
      "poses_agree": null
    },
    {
      "subject_id": "71",
      "true_label": 1,
      "true_class_name": "normal_hand",
      "predicted_label": 1,
      "predicted_class_index": 1,
      "predicted_class_name": "normal_hand",
      "positive_true_label": 0,
      "positive_pred_label": 0,
      "malnourished_probability": 0.00035678897984325886,
      "pose_probabilities": {
        "pose_02": 0.00035678897984325886
      },
      "pose_predictions": {
        "pose_02": 0
      },
      "poses_agree": null
    },
    {
      "subject_id": "73",
      "true_label": 0,
      "true_class_name": "malnourished_hand",
      "predicted_label": 0,
      "predicted_class_index": 0,
      "predicted_class_name": "malnourished_hand",
      "positive_true_label": 1,
      "positive_pred_label": 1,
      "malnourished_probability": 0.9707369804382324,
      "pose_probabilities": {
        "pose_02": 0.9707369804382324
      },
      "pose_predictions": {
        "pose_02": 1
      },
      "poses_agree": null
    },
    {
      "subject_id": "76",
      "true_label": 1,
      "true_class_name": "normal_hand",
      "predicted_label": 1,
      "predicted_class_index": 1,
      "predicted_class_name": "normal_hand",
      "positive_true_label": 0,
      "positive_pred_label": 0,
      "malnourished_probability": 0.036736514419317245,
      "pose_probabilities": {
        "pose_02": 0.036736514419317245
      },
      "pose_predictions": {
        "pose_02": 0
      },
      "poses_agree": null
    },
    {
      "subject_id": "81",
      "true_label": 1,
      "true_class_name": "normal_hand",
      "predicted_label": 1,
      "predicted_class_index": 1,
      "predicted_class_name": "normal_hand",
      "positive_true_label": 0,
      "positive_pred_label": 0,
      "malnourished_probability": 6.176275928737596e-05,
      "pose_probabilities": {
        "pose_02": 6.176275928737596e-05
      },
      "pose_predictions": {
        "pose_02": 0
      },
      "poses_agree": null
    },
    {
      "subject_id": "83",