{
  "dataset": "hand_nutrition",
  "positive_class_name": "malnourished_hand",
  "hand_pose": "02",
  "classification_threshold": 0.5,
  "overall_accuracy_percent": 76.92307692307692,
  "confusion_matrix": [
    [
      3,
      0
    ],
    [
      3,
      7
    ]
  ],
  "class_accuracies": [
    {
      "class": "malnourished_hand",
      "accuracy": 100.0,
      "correct": 3,
      "total": 3
    },
    {
      "class": "normal_hand",
      "accuracy": 70.0,
      "correct": 7,
      "total": 10
    }
  ],
  "image_level_metrics": {
    "accuracy": 0.7692307692307693,
    "balanced_accuracy": 0.85,
    "roc_auc": 0.7666666666666667,
    "pr_auc": 0.4444444444444445,
    "precision": 0.5,
    "sensitivity": 1.0,
    "specificity": 0.7,
    "acc": 0.7692307692307693,
    "auc": 0.7666666666666667,
    "f1": 0.6666666666666666,
    "sen": 1.0,
    "spe": 0.7,
    "mcc": 0.5916079783099616,
    "threshold": 0.5,
    "tp": 3,
    "tn": 7,
    "fp": 3,
    "fn": 0
  },
  "pose_level_metrics": {
    "pose_02": {
      "accuracy": 0.7692307692307693,
      "balanced_accuracy": 0.85,
      "roc_auc": 0.7666666666666667,
      "pr_auc": 0.4444444444444445,
      "precision": 0.5,
      "sensitivity": 1.0,
      "specificity": 0.7,
      "acc": 0.7692307692307693,
      "auc": 0.7666666666666667,
      "f1": 0.6666666666666666,
      "sen": 1.0,
      "spe": 0.7,
      "mcc": 0.5916079783099616,
      "threshold": 0.5,
      "tp": 3,
      "tn": 7,
      "fp": 3,
      "fn": 0
    }
  },
  "subject_level_metrics": {
    "accuracy": 0.7692307692307693,
    "balanced_accuracy": 0.85,
    "roc_auc": 0.7666666666666667,
    "pr_auc": 0.4444444444444445,
    "precision": 0.5,
    "sensitivity": 1.0,
    "specificity": 0.7,
    "acc": 0.7692307692307693,
    "auc": 0.7666666666666667,
    "f1": 0.6666666666666666,
    "sen": 1.0,
    "spe": 0.7,
    "mcc": 0.5916079783099616,
    "threshold": 0.5,
    "tp": 3,
    "tn": 7,
    "fp": 3,
    "fn": 0
  },
  "pose_agreement": {
    "applicable": false,
    "complete_subject_pairs": 0,
    "agreement_count": 0,
    "disagreement_count": 0,
    "agreement_rate": null
  }
}
