{
  "dataset": "hand_nutrition",
  "checkpoint_path": "/root/autodl-tmp/runs/hand_synth_expansion_qc/c0_epoch_sweep_5fold_seed22/fold_3/c0_real_80ep/seed22/hand_nutrition/clipViT-B/16/n_img_per_cls_full/baseline/lr1e-05_wd0.0001/final_checkpoint.pth",
  "positive_class_name": "malnourished_hand",
  "hand_pose": "02",
  "classification_threshold": 0.5,
  "overall_accuracy": 61.53846153846154,
  "confusion_matrix": [
    [
      1,
      2
    ],
    [
      3,
      7
    ]
  ],
  "class_accuracies": [
    {
      "class": "malnourished_hand",
      "accuracy": 33.333333333333336,
      "correct": 1,
      "total": 3
    },
    {
      "class": "normal_hand",
      "accuracy": 70.0,
      "correct": 7,
      "total": 10
    }
  ],
  "image_level_metrics": {
    "accuracy": 0.6153846153846154,
    "balanced_accuracy": 0.5166666666666666,
    "roc_auc": 0.4666666666666667,
    "pr_auc": 0.2851851851851852,
    "precision": 0.25,
    "sensitivity": 0.3333333333333333,
    "specificity": 0.7,
    "acc": 0.6153846153846154,
    "auc": 0.4666666666666667,
    "f1": 0.28571428571428575,
    "sen": 0.3333333333333333,
    "spe": 0.7,
    "mcc": 0.03042903097250923,
    "threshold": 0.5,
    "tp": 1,
    "tn": 7,
    "fp": 3,
    "fn": 2
  },
  "pose_level_metrics": {
    "pose_02": {
      "accuracy": 0.6153846153846154,
      "balanced_accuracy": 0.5166666666666666,
      "roc_auc": 0.4666666666666667,
      "pr_auc": 0.2851851851851852,
      "precision": 0.25,
      "sensitivity": 0.3333333333333333,
      "specificity": 0.7,
      "acc": 0.6153846153846154,
      "auc": 0.4666666666666667,
      "f1": 0.28571428571428575,
      "sen": 0.3333333333333333,
      "spe": 0.7,
      "mcc": 0.03042903097250923,
      "threshold": 0.5,
      "tp": 1,
      "tn": 7,
      "fp": 3,
      "fn": 2
    }
  },
  "pose_counts": {
    "pose_02": 13
  },
  "subject_level_metrics": {
    "accuracy": 0.6153846153846154,
    "balanced_accuracy": 0.5166666666666666,
    "roc_auc": 0.4666666666666667,
    "pr_auc": 0.2851851851851852,
    "precision": 0.25,
    "sensitivity": 0.3333333333333333,
    "specificity": 0.7,
    "acc": 0.6153846153846154,
    "auc": 0.4666666666666667,
    "f1": 0.28571428571428575,
    "sen": 0.3333333333333333,
    "spe": 0.7,
    "mcc": 0.03042903097250923,
    "threshold": 0.5,
    "tp": 1,
    "tn": 7,
    "fp": 3,
    "fn": 2
  },
  "pose_agreement": {
    "applicable": false,
    "complete_subject_pairs": 0,
    "agreement_count": 0,
    "disagreement_count": 0,
    "agreement_rate": null
  },
  "subject_results": [
    {
      "subject_id": "10",
      "true_label": 1,
      "true_class_name": "normal_hand",
      "predicted_label": 1,
      "predicted_class_index": 1,
      "predicted_class_name": "normal_hand",
      "positive_true_label": 0,
      "positive_pred_label": 0,
      "malnourished_probability": 0.28453871607780457,
      "pose_probabilities": {
        "pose_02": 0.28453871607780457
      },
      "pose_predictions": {
        "pose_02": 0
      },
      "poses_agree": null
    },
    {
      "subject_id": "22",
      "true_label": 1,
      "true_class_name": "normal_hand",
      "predicted_label": 0,
      "predicted_class_index": 0,
      "predicted_class_name": "malnourished_hand",
      "positive_true_label": 0,
      "positive_pred_label": 1,
      "malnourished_probability": 0.5573908090591431,
      "pose_probabilities": {
        "pose_02": 0.5573908090591431
      },
      "pose_predictions": {
        "pose_02": 1
      },
      "poses_agree": null
    },
    {
      "subject_id": "31",
      "true_label": 1,
      "true_class_name": "normal_hand",
      "predicted_label": 1,
      "predicted_class_index": 1,
      "predicted_class_name": "normal_hand",
      "positive_true_label": 0,
      "positive_pred_label": 0,
      "malnourished_probability": 0.41548794507980347,
      "pose_probabilities": {
        "pose_02": 0.41548794507980347
      },
      "pose_predictions": {
        "pose_02": 0
      },
      "poses_agree": null
    },
    {
      "subject_id": "35",
      "true_label": 0,
      "true_class_name": "malnourished_hand",
      "predicted_label": 0,
      "predicted_class_index": 0,
      "predicted_class_name": "malnourished_hand",
      "positive_true_label": 1,
      "positive_pred_label": 1,
      "malnourished_probability": 0.566140353679657,
      "pose_probabilities": {
        "pose_02": 0.566140353679657
      },
      "pose_predictions": {
        "pose_02": 1
      },
      "poses_agree": null
    },
    {
      "subject_id": "45",
      "true_label": 1,
      "true_class_name": "normal_hand",
      "predicted_label": 1,
      "predicted_class_index": 1,
      "predicted_class_name": "normal_hand",
      "positive_true_label": 0,
      "positive_pred_label": 0,
      "malnourished_probability": 0.3592921495437622,
      "pose_probabilities": {
        "pose_02": 0.3592921495437622
      },
      "pose_predictions": {
        "pose_02": 0
      },
      "poses_agree": null
    },
    {
      "subject_id": "47",
      "true_label": 1,
      "true_class_name": "normal_hand",
      "predicted_label": 0,
      "predicted_class_index": 0,
      "predicted_class_name": "malnourished_hand",
      "positive_true_label": 0,
      "positive_pred_label": 1,
      "malnourished_probability": 0.6453242301940918,
      "pose_probabilities": {
        "pose_02": 0.6453242301940918
      },
      "pose_predictions": {
        "pose_02": 1
      },
      "poses_agree": null
    },
    {
      "subject_id": "48",
      "true_label": 1,
      "true_class_name": "normal_hand",
      "predicted_label": 1,
      "predicted_class_index": 1,
      "predicted_class_name": "normal_hand",
      "positive_true_label": 0,
      "positive_pred_label": 0,
      "malnourished_probability": 0.39871734380722046,
      "pose_probabilities": {
        "pose_02": 0.39871734380722046
      },
      "pose_predictions": {
        "pose_02": 0
      },
      "poses_agree": null
    },
    {
      "subject_id": "60",
      "true_label": 1,
      "true_class_name": "normal_hand",
      "predicted_label": 1,
      "predicted_class_index": 1,
      "predicted_class_name": "normal_hand",
      "positive_true_label": 0,
      "positive_pred_label": 0,
      "malnourished_probability": 0.3664356470108032,
      "pose_probabilities": {
        "pose_02": 0.3664356470108032
      },
      "pose_predictions": {
        "pose_02": 0
      },
      "poses_agree": null
    },
    {
      "subject_id": "62",
      "true_label": 1,
      "true_class_name": "normal_hand",
      "predicted_label": 1,
      "predicted_class_index": 1,
      "predicted_class_name": "normal_hand",
      "positive_true_label": 0,
      "positive_pred_label": 0,
      "malnourished_probability": 0.21034085750579834,
      "pose_probabilities": {
        "pose_02": 0.21034085750579834
      },
      "pose_predictions": {
        "pose_02": 0
      },
      "poses_agree": null
    },
    {
      "subject_id": "69",
      "true_label": 0,
      "true_class_name": "malnourished_hand",
      "predicted_label": 1,
      "predicted_class_index": 1,
      "predicted_class_name": "normal_hand",
      "positive_true_label": 1,
      "positive_pred_label": 0,
      "malnourished_probability": 0.3196496069431305,
      "pose_probabilities": {
        "pose_02": 0.3196496069431305
      },
      "pose_predictions": {
        "pose_02": 0
      },
      "poses_agree": null
    },
    {
      "subject_id": "72",
      "true_label": 1,
      "true_class_name": "normal_hand",
      "predicted_label": 1,
      "predicted_class_index": 1,
      "predicted_class_name": "normal_hand",
      "positive_true_label": 0,
      "positive_pred_label": 0,
      "malnourished_probability": 0.23063603043556213,
      "pose_probabilities": {
        "pose_02": 0.23063603043556213
      },
      "pose_predictions": {
        "pose_02": 0
      },