{
  "dataset": "hand_nutrition",
  "checkpoint_path": "/root/autodl-tmp/runs/hand_synth_expansion_qc/c0_epoch_sweep_5fold_seed22/fold_4/c0_real_80ep/seed22/hand_nutrition/clipViT-B/16/n_img_per_cls_full/baseline/lr1e-05_wd0.0001/final_checkpoint.pth",
  "positive_class_name": "malnourished_hand",
  "hand_pose": "02",
  "classification_threshold": 0.5,
  "overall_accuracy": 76.92307692307692,
  "confusion_matrix": [
    [
      1,
      2
    ],
    [
      1,
      9
    ]
  ],
  "class_accuracies": [
    {
      "class": "malnourished_hand",
      "accuracy": 33.333333333333336,
      "correct": 1,
      "total": 3
    },
    {
      "class": "normal_hand",
      "accuracy": 90.0,
      "correct": 9,
      "total": 10
    }
  ],
  "image_level_metrics": {
    "accuracy": 0.7692307692307693,
    "balanced_accuracy": 0.6166666666666667,
    "roc_auc": 0.8666666666666667,
    "pr_auc": 0.7,
    "precision": 0.5,
    "sensitivity": 0.3333333333333333,
    "specificity": 0.9,
    "acc": 0.7692307692307693,
    "auc": 0.8666666666666667,
    "f1": 0.4,
    "sen": 0.3333333333333333,
    "spe": 0.9,
    "mcc": 0.27247463045653303,
    "threshold": 0.5,
    "tp": 1,
    "tn": 9,
    "fp": 1,
    "fn": 2
  },
  "pose_level_metrics": {
    "pose_02": {
      "accuracy": 0.7692307692307693,
      "balanced_accuracy": 0.6166666666666667,
      "roc_auc": 0.8666666666666667,
      "pr_auc": 0.7,
      "precision": 0.5,
      "sensitivity": 0.3333333333333333,
      "specificity": 0.9,
      "acc": 0.7692307692307693,
      "auc": 0.8666666666666667,
      "f1": 0.4,
      "sen": 0.3333333333333333,
      "spe": 0.9,
      "mcc": 0.27247463045653303,
      "threshold": 0.5,
      "tp": 1,
      "tn": 9,
      "fp": 1,
      "fn": 2
    }
  },
  "pose_counts": {
    "pose_02": 13
  },
  "subject_level_metrics": {
    "accuracy": 0.7692307692307693,
    "balanced_accuracy": 0.6166666666666667,
    "roc_auc": 0.8666666666666667,
    "pr_auc": 0.7,
    "precision": 0.5,
    "sensitivity": 0.3333333333333333,
    "specificity": 0.9,
    "acc": 0.7692307692307693,
    "auc": 0.8666666666666667,
    "f1": 0.4,
    "sen": 0.3333333333333333,
    "spe": 0.9,
    "mcc": 0.27247463045653303,
    "threshold": 0.5,
    "tp": 1,
    "tn": 9,
    "fp": 1,
    "fn": 2
  },
  "pose_agreement": {
    "applicable": false,
    "complete_subject_pairs": 0,
    "agreement_count": 0,
    "disagreement_count": 0,
    "agreement_rate": null
  },
  "subject_results": [
    {
      "subject_id": "17",
      "true_label": 1,
      "true_class_name": "normal_hand",
      "predicted_label": 1,
      "predicted_class_index": 1,
      "predicted_class_name": "normal_hand",
      "positive_true_label": 0,
      "positive_pred_label": 0,
      "malnourished_probability": 0.3358535170555115,
      "pose_probabilities": {
        "pose_02": 0.3358535170555115
      },
      "pose_predictions": {
        "pose_02": 0
      },
      "poses_agree": null
    },
    {
      "subject_id": "18",
      "true_label": 1,
      "true_class_name": "normal_hand",
      "predicted_label": 1,
      "predicted_class_index": 1,
      "predicted_class_name": "normal_hand",
      "positive_true_label": 0,
      "positive_pred_label": 0,
      "malnourished_probability": 0.21220269799232483,
      "pose_probabilities": {
        "pose_02": 0.21220269799232483
      },
      "pose_predictions": {
        "pose_02": 0
      },
      "poses_agree": null
    },
    {
      "subject_id": "19",
      "true_label": 1,
      "true_class_name": "normal_hand",
      "predicted_label": 0,
      "predicted_class_index": 0,
      "predicted_class_name": "malnourished_hand",
      "positive_true_label": 0,
      "positive_pred_label": 1,
      "malnourished_probability": 0.5137818455696106,
      "pose_probabilities": {
        "pose_02": 0.5137818455696106
      },
      "pose_predictions": {
        "pose_02": 1
      },
      "poses_agree": null
    },
    {
      "subject_id": "21",
      "true_label": 1,
      "true_class_name": "normal_hand",
      "predicted_label": 1,
      "predicted_class_index": 1,
      "predicted_class_name": "normal_hand",
      "positive_true_label": 0,
      "positive_pred_label": 0,
      "malnourished_probability": 0.218507781624794,
      "pose_probabilities": {
        "pose_02": 0.218507781624794
      },
      "pose_predictions": {
        "pose_02": 0
      },
      "poses_agree": null
    },
    {
      "subject_id": "30",
      "true_label": 0,
      "true_class_name": "malnourished_hand",
      "predicted_label": 1,
      "predicted_class_index": 1,
      "predicted_class_name": "normal_hand",
      "positive_true_label": 1,
      "positive_pred_label": 0,
      "malnourished_probability": 0.4122639298439026,
      "pose_probabilities": {
        "pose_02": 0.4122639298439026
      },
      "pose_predictions": {
        "pose_02": 0
      },
      "poses_agree": null
    },
    {
      "subject_id": "53",
      "true_label": 1,
      "true_class_name": "normal_hand",
      "predicted_label": 1,
      "predicted_class_index": 1,
      "predicted_class_name": "normal_hand",
      "positive_true_label": 0,
      "positive_pred_label": 0,
      "malnourished_probability": 0.2595088481903076,
      "pose_probabilities": {
        "pose_02": 0.2595088481903076
      },
      "pose_predictions": {
        "pose_02": 0
      },
      "poses_agree": null
    },
    {
      "subject_id": "58",
      "true_label": 1,
      "true_class_name": "normal_hand",
      "predicted_label": 1,
      "predicted_class_index": 1,
      "predicted_class_name": "normal_hand",
      "positive_true_label": 0,
      "positive_pred_label": 0,
      "malnourished_probability": 0.21652621030807495,
      "pose_probabilities": {
        "pose_02": 0.21652621030807495
      },
      "pose_predictions": {
        "pose_02": 0
      },
      "poses_agree": null
    },
    {
      "subject_id": "71",
      "true_label": 1,
      "true_class_name": "normal_hand",
      "predicted_label": 1,
      "predicted_class_index": 1,
      "predicted_class_name": "normal_hand",
      "positive_true_label": 0,
      "positive_pred_label": 0,
      "malnourished_probability": 0.25186973810195923,
      "pose_probabilities": {
        "pose_02": 0.25186973810195923
      },
      "pose_predictions": {
        "pose_02": 0
      },
      "poses_agree": null
    },
    {
      "subject_id": "73",
      "true_label": 0,
      "true_class_name": "malnourished_hand",
      "predicted_label": 0,
      "predicted_class_index": 0,
      "predicted_class_name": "malnourished_hand",
      "positive_true_label": 1,
      "positive_pred_label": 1,
      "malnourished_probability": 0.6390060186386108,
      "pose_probabilities": {
        "pose_02": 0.6390060186386108
      },
      "pose_predictions": {
        "pose_02": 1
      },
      "poses_agree": null
    },
    {
      "subject_id": "76",
      "true_label": 1,
      "true_class_name": "normal_hand",
      "predicted_label": 1,
      "predicted_class_index": 1,
      "predicted_class_name": "normal_hand",
      "positive_true_label": 0,
      "positive_pred_label": 0,
      "malnourished_probability": 0.3359241485595703,
      "pose_probabilities": {
        "pose_02": 0.3359241485595703
      },
      "pose_predictions": {
        "pose_02": 0
      },
      "poses_agree": null
    },
    {
      "subject_id": "81",
      "true_label": 1,
      "true_class_name": "normal_hand",
      "predicted_label": 1,
      "predicted_class_index": 1,
      "predicted_class_name": "normal_hand",
      "positive_true_label": 0,
      "positive_pred_label": 0,
      "malnourished_probability": 0.2241390347480774,
      "pose_probabilities": {
        "pose_02": 0.2241390347480774
      },
      "pose_predictions": {
        "pose_02": 0
      },
      "poses_agree": null
    },
    {
      "subject_id": "83",
      "true_label": 1,
      "true_class_name": "normal_hand",
      "predicted_label": 1,