{
  "dataset": "hand_nutrition",
  "positive_class_name": "malnourished_hand",
  "hand_pose": "02",
  "classification_threshold": 0.5,
  "overall_accuracy_percent": 61.53846153846154,
  "confusion_matrix": [
    [
      2,
      1
    ],
    [
      4,
      6
    ]
  ],
  "class_accuracies": [
    {
      "class": "malnourished_hand",
      "accuracy": 66.66666666666667,
      "correct": 2,
      "total": 3
    },
    {
      "class": "normal_hand",
      "accuracy": 60.0,
      "correct": 6,
      "total": 10
    }
  ],
  "image_level_metrics": {
    "accuracy": 0.6153846153846154,
    "balanced_accuracy": 0.6333333333333333,
    "roc_auc": 0.7,
    "pr_auc": 0.4206349206349207,
    "precision": 0.3333333333333333,
    "sensitivity": 0.6666666666666666,
    "specificity": 0.6,
    "acc": 0.6153846153846154,
    "auc": 0.7,
    "f1": 0.4444444444444444,
    "sen": 0.6666666666666666,
    "spe": 0.6,
    "mcc": 0.2253744679276044,
    "threshold": 0.5,
    "tp": 2,
    "tn": 6,
    "fp": 4,
    "fn": 1
  },
  "pose_level_metrics": {
    "pose_02": {
      "accuracy": 0.6153846153846154,
      "balanced_accuracy": 0.6333333333333333,
      "roc_auc": 0.7,
      "pr_auc": 0.4206349206349207,
      "precision": 0.3333333333333333,
      "sensitivity": 0.6666666666666666,
      "specificity": 0.6,
      "acc": 0.6153846153846154,
      "auc": 0.7,
      "f1": 0.4444444444444444,
      "sen": 0.6666666666666666,
      "spe": 0.6,
      "mcc": 0.2253744679276044,
      "threshold": 0.5,
      "tp": 2,
      "tn": 6,
      "fp": 4,
      "fn": 1
    }
  },
  "subject_level_metrics": {
    "accuracy": 0.6153846153846154,
    "balanced_accuracy": 0.6333333333333333,
    "roc_auc": 0.7,
    "pr_auc": 0.4206349206349207,
    "precision": 0.3333333333333333,
    "sensitivity": 0.6666666666666666,
    "specificity": 0.6,
    "acc": 0.6153846153846154,
    "auc": 0.7,
    "f1": 0.4444444444444444,
    "sen": 0.6666666666666666,
    "spe": 0.6,
    "mcc": 0.2253744679276044,
    "threshold": 0.5,
    "tp": 2,
    "tn": 6,
    "fp": 4,
    "fn": 1
  },
  "pose_agreement": {
    "applicable": false,
    "complete_subject_pairs": 0,
    "agreement_count": 0,
    "disagreement_count": 0,
    "agreement_rate": null
  }
}
