{
  "dataset": "hand_nutrition",
  "checkpoint_path": "/root/autodl-tmp/runs/hand_synth_expansion_qc/c0_epoch_sweep_5fold_seed22/fold_1/c0_real_120ep/seed22/hand_nutrition/clipViT-B/16/n_img_per_cls_full/baseline/lr1e-05_wd0.0001/final_checkpoint.pth",
  "positive_class_name": "malnourished_hand",
  "hand_pose": "02",
  "classification_threshold": 0.5,
  "overall_accuracy": 71.42857142857143,
  "confusion_matrix": [
    [
      0,
      3
    ],
    [
      1,
      10
    ]
  ],
  "class_accuracies": [
    {
      "class": "malnourished_hand",
      "accuracy": 0.0,
      "correct": 0,
      "total": 3
    },
    {
      "class": "normal_hand",
      "accuracy": 90.9090909090909,
      "correct": 10,
      "total": 11
    }
  ],
  "image_level_metrics": {
    "accuracy": 0.7142857142857143,
    "balanced_accuracy": 0.45454545454545453,
    "roc_auc": 0.5757575757575758,
    "pr_auc": 0.3055555555555555,
    "precision": 0.0,
    "sensitivity": 0.0,
    "specificity": 0.9090909090909091,
    "acc": 0.7142857142857143,
    "auc": 0.5757575757575758,
    "f1": 0.0,
    "sen": 0.0,
    "spe": 0.9090909090909091,
    "mcc": -0.14484136487558028,
    "threshold": 0.5,
    "tp": 0,
    "tn": 10,
    "fp": 1,
    "fn": 3
  },
  "pose_level_metrics": {
    "pose_02": {
      "accuracy": 0.7142857142857143,
      "balanced_accuracy": 0.45454545454545453,
      "roc_auc": 0.5757575757575758,
      "pr_auc": 0.3055555555555555,
      "precision": 0.0,
      "sensitivity": 0.0,
      "specificity": 0.9090909090909091,
      "acc": 0.7142857142857143,
      "auc": 0.5757575757575758,
      "f1": 0.0,
      "sen": 0.0,
      "spe": 0.9090909090909091,
      "mcc": -0.14484136487558028,
      "threshold": 0.5,
      "tp": 0,
      "tn": 10,
      "fp": 1,
      "fn": 3
    }
  },
  "pose_counts": {
    "pose_02": 14
  },
  "subject_level_metrics": {
    "accuracy": 0.7142857142857143,
    "balanced_accuracy": 0.45454545454545453,
    "roc_auc": 0.5757575757575758,
    "pr_auc": 0.3055555555555555,
    "precision": 0.0,
    "sensitivity": 0.0,
    "specificity": 0.9090909090909091,
    "acc": 0.7142857142857143,
    "auc": 0.5757575757575758,
    "f1": 0.0,
    "sen": 0.0,
    "spe": 0.9090909090909091,
    "mcc": -0.14484136487558028,
    "threshold": 0.5,
    "tp": 0,
    "tn": 10,
    "fp": 1,
    "fn": 3
  },
  "pose_agreement": {
    "applicable": false,
    "complete_subject_pairs": 0,
    "agreement_count": 0,
    "disagreement_count": 0,
    "agreement_rate": null
  },
  "subject_results": [
    {
      "subject_id": "02",
      "true_label": 1,
      "true_class_name": "normal_hand",
      "predicted_label": 1,
      "predicted_class_index": 1,
      "predicted_class_name": "normal_hand",
      "positive_true_label": 0,
      "positive_pred_label": 0,
      "malnourished_probability": 0.04625587537884712,
      "pose_probabilities": {
        "pose_02": 0.04625587537884712
      },
      "pose_predictions": {
        "pose_02": 0
      },
      "poses_agree": null
    },
    {
      "subject_id": "20",
      "true_label": 1,
      "true_class_name": "normal_hand",
      "predicted_label": 0,
      "predicted_class_index": 0,
      "predicted_class_name": "malnourished_hand",
      "positive_true_label": 0,
      "positive_pred_label": 1,
      "malnourished_probability": 0.7770422101020813,
      "pose_probabilities": {
        "pose_02": 0.7770422101020813
      },
      "pose_predictions": {
        "pose_02": 1
      },
      "poses_agree": null
    },
    {
      "subject_id": "29",
      "true_label": 1,
      "true_class_name": "normal_hand",
      "predicted_label": 1,
      "predicted_class_index": 1,
      "predicted_class_name": "normal_hand",
      "positive_true_label": 0,
      "positive_pred_label": 0,
      "malnourished_probability": 0.3105800151824951,
      "pose_probabilities": {
        "pose_02": 0.3105800151824951
      },
      "pose_predictions": {
        "pose_02": 0
      },
      "poses_agree": null
    },
    {
      "subject_id": "32",
      "true_label": 1,
      "true_class_name": "normal_hand",
      "predicted_label": 1,
      "predicted_class_index": 1,
      "predicted_class_name": "normal_hand",
      "positive_true_label": 0,
      "positive_pred_label": 0,
      "malnourished_probability": 0.3985307812690735,
      "pose_probabilities": {
        "pose_02": 0.3985307812690735
      },
      "pose_predictions": {
        "pose_02": 0
      },
      "poses_agree": null
    },
    {
      "subject_id": "36",
      "true_label": 1,
      "true_class_name": "normal_hand",
      "predicted_label": 1,
      "predicted_class_index": 1,
      "predicted_class_name": "normal_hand",
      "positive_true_label": 0,
      "positive_pred_label": 0,
      "malnourished_probability": 0.12490475922822952,
      "pose_probabilities": {
        "pose_02": 0.12490475922822952
      },
      "pose_predictions": {
        "pose_02": 0
      },
      "poses_agree": null
    },
    {
      "subject_id": "43",
      "true_label": 1,
      "true_class_name": "normal_hand",
      "predicted_label": 1,
      "predicted_class_index": 1,
      "predicted_class_name": "normal_hand",
      "positive_true_label": 0,
      "positive_pred_label": 0,
      "malnourished_probability": 0.12557385861873627,
      "pose_probabilities": {
        "pose_02": 0.12557385861873627
      },
      "pose_predictions": {
        "pose_02": 0
      },
      "poses_agree": null
    },
    {
      "subject_id": "52",
      "true_label": 1,
      "true_class_name": "normal_hand",
      "predicted_label": 1,
      "predicted_class_index": 1,
      "predicted_class_name": "normal_hand",
      "positive_true_label": 0,
      "positive_pred_label": 0,
      "malnourished_probability": 0.009834024123847485,
      "pose_probabilities": {
        "pose_02": 0.009834024123847485
      },
      "pose_predictions": {
        "pose_02": 0
      },
      "poses_agree": null
    },
    {
      "subject_id": "57",
      "true_label": 0,
      "true_class_name": "malnourished_hand",
      "predicted_label": 1,
      "predicted_class_index": 1,
      "predicted_class_name": "normal_hand",
      "positive_true_label": 1,
      "positive_pred_label": 0,
      "malnourished_probability": 0.04328437149524689,
      "pose_probabilities": {
        "pose_02": 0.04328437149524689
      },
      "pose_predictions": {
        "pose_02": 0
      },
      "poses_agree": null
    },
    {
      "subject_id": "64",
      "true_label": 1,
      "true_class_name": "normal_hand",
      "predicted_label": 1,
      "predicted_class_index": 1,
      "predicted_class_name": "normal_hand",
      "positive_true_label": 0,
      "positive_pred_label": 0,
      "malnourished_probability": 0.005189648829400539,
      "pose_probabilities": {
        "pose_02": 0.005189648829400539
      },
      "pose_predictions": {
        "pose_02": 0
      },
      "poses_agree": null
    },
    {
      "subject_id": "68",
      "true_label": 1,
      "true_class_name": "normal_hand",
      "predicted_label": 1,
      "predicted_class_index": 1,
      "predicted_class_name": "normal_hand",
      "positive_true_label": 0,
      "positive_pred_label": 0,
      "malnourished_probability": 0.015251313336193562,
      "pose_probabilities": {
        "pose_02": 0.015251313336193562
      },
      "pose_predictions": {
        "pose_02": 0
      },
      "poses_agree": null
    },
    {
      "subject_id": "75",
      "true_label": 0,
      "true_class_name": "malnourished_hand",
      "predicted_label": 1,
      "predicted_class_index": 1,
      "predicted_class_name": "normal_hand",
      "positive_true_label": 1,
      "positive_pred_label": 0,
      "malnourished_probability": 0.38892263174057007,
      "pose_probabilities": {
        "pose_02": 0.38892263174057007
      },
      "pose_predictions": {
        "pose_02": 0
      },
      "poses_agree": null
    },
    {
      "subject_id": "77",
      "true_label": 1,