{
  "dataset": "hand_nutrition",
  "checkpoint_path": "/root/autodl-tmp/runs/hand_synth_expansion_qc/c0_stepmatched_clean_no_roi_5fold_seed22/fold_2/seed22/hand_nutrition/clipViT-B/16/n_img_per_cls_full/baseline/lr1e-05_wd0.0001/final_checkpoint.pth",
  "positive_class_name": "malnourished_hand",
  "hand_pose": "02",
  "classification_threshold": 0.5,
  "overall_accuracy": 85.71428571428571,
  "confusion_matrix": [
    [
      1,
      2
    ],
    [
      0,
      11
    ]
  ],
  "class_accuracies": [
    {
      "class": "malnourished_hand",
      "accuracy": 33.333333333333336,
      "correct": 1,
      "total": 3
    },
    {
      "class": "normal_hand",
      "accuracy": 100.0,
      "correct": 11,
      "total": 11
    }
  ],
  "image_level_metrics": {
    "accuracy": 0.8571428571428571,
    "balanced_accuracy": 0.6666666666666666,
    "roc_auc": 0.7272727272727273,
    "pr_auc": 0.75,
    "precision": 1.0,
    "sensitivity": 0.3333333333333333,
    "specificity": 1.0,
    "acc": 0.8571428571428571,
    "auc": 0.7272727272727273,
    "f1": 0.5,
    "sen": 0.3333333333333333,
    "spe": 1.0,
    "mcc": 0.5310850045437943,
    "threshold": 0.5,
    "tp": 1,
    "tn": 11,
    "fp": 0,
    "fn": 2
  },
  "pose_level_metrics": {
    "pose_02": {
      "accuracy": 0.8571428571428571,
      "balanced_accuracy": 0.6666666666666666,
      "roc_auc": 0.7272727272727273,
      "pr_auc": 0.75,
      "precision": 1.0,
      "sensitivity": 0.3333333333333333,
      "specificity": 1.0,
      "acc": 0.8571428571428571,
      "auc": 0.7272727272727273,
      "f1": 0.5,
      "sen": 0.3333333333333333,
      "spe": 1.0,
      "mcc": 0.5310850045437943,
      "threshold": 0.5,
      "tp": 1,
      "tn": 11,
      "fp": 0,
      "fn": 2
    }
  },
  "pose_counts": {
    "pose_02": 14
  },
  "subject_level_metrics": {
    "accuracy": 0.8571428571428571,
    "balanced_accuracy": 0.6666666666666666,
    "roc_auc": 0.7272727272727273,
    "pr_auc": 0.75,
    "precision": 1.0,
    "sensitivity": 0.3333333333333333,
    "specificity": 1.0,
    "acc": 0.8571428571428571,
    "auc": 0.7272727272727273,
    "f1": 0.5,
    "sen": 0.3333333333333333,
    "spe": 1.0,
    "mcc": 0.5310850045437943,
    "threshold": 0.5,
    "tp": 1,
    "tn": 11,
    "fp": 0,
    "fn": 2
  },
  "pose_agreement": {
    "applicable": false,
    "complete_subject_pairs": 0,
    "agreement_count": 0,
    "disagreement_count": 0,
    "agreement_rate": null
  },
  "subject_results": [
    {
      "subject_id": "06",
      "true_label": 1,
      "true_class_name": "normal_hand",
      "predicted_label": 1,
      "predicted_class_index": 1,
      "predicted_class_name": "normal_hand",
      "positive_true_label": 0,
      "positive_pred_label": 0,
      "malnourished_probability": 0.00013883417705073953,
      "pose_probabilities": {
        "pose_02": 0.00013883417705073953
      },
      "pose_predictions": {
        "pose_02": 0
      },
      "poses_agree": null
    },
    {
      "subject_id": "14",
      "true_label": 1,
      "true_class_name": "normal_hand",
      "predicted_label": 1,
      "predicted_class_index": 1,
      "predicted_class_name": "normal_hand",
      "positive_true_label": 0,
      "positive_pred_label": 0,
      "malnourished_probability": 0.015040580183267593,
      "pose_probabilities": {
        "pose_02": 0.015040580183267593
      },
      "pose_predictions": {
        "pose_02": 0
      },
      "poses_agree": null
    },
    {
      "subject_id": "15",
      "true_label": 0,
      "true_class_name": "malnourished_hand",
      "predicted_label": 0,
      "predicted_class_index": 0,
      "predicted_class_name": "malnourished_hand",
      "positive_true_label": 1,
      "positive_pred_label": 1,
      "malnourished_probability": 0.7665285468101501,
      "pose_probabilities": {
        "pose_02": 0.7665285468101501
      },
      "pose_predictions": {
        "pose_02": 1
      },
      "poses_agree": null
    },
    {
      "subject_id": "26",
      "true_label": 1,
      "true_class_name": "normal_hand",
      "predicted_label": 1,
      "predicted_class_index": 1,
      "predicted_class_name": "normal_hand",
      "positive_true_label": 0,
      "positive_pred_label": 0,
      "malnourished_probability": 0.1030619740486145,
      "pose_probabilities": {
        "pose_02": 0.1030619740486145
      },
      "pose_predictions": {
        "pose_02": 0
      },
      "poses_agree": null
    },
    {
      "subject_id": "27",
      "true_label": 0,
      "true_class_name": "malnourished_hand",
      "predicted_label": 1,
      "predicted_class_index": 1,
      "predicted_class_name": "normal_hand",
      "positive_true_label": 1,
      "positive_pred_label": 0,
      "malnourished_probability": 0.0004275411774870008,
      "pose_probabilities": {
        "pose_02": 0.0004275411774870008
      },
      "pose_predictions": {
        "pose_02": 0
      },
      "poses_agree": null
    },
    {
      "subject_id": "59",
      "true_label": 1,
      "true_class_name": "normal_hand",
      "predicted_label": 1,
      "predicted_class_index": 1,
      "predicted_class_name": "normal_hand",
      "positive_true_label": 0,
      "positive_pred_label": 0,
      "malnourished_probability": 0.0639374628663063,
      "pose_probabilities": {
        "pose_02": 0.0639374628663063
      },
      "pose_predictions": {
        "pose_02": 0
      },
      "poses_agree": null
    },
    {
      "subject_id": "61",
      "true_label": 1,
      "true_class_name": "normal_hand",
      "predicted_label": 1,
      "predicted_class_index": 1,
      "predicted_class_name": "normal_hand",
      "positive_true_label": 0,
      "positive_pred_label": 0,
      "malnourished_probability": 7.114194886526093e-05,
      "pose_probabilities": {
        "pose_02": 7.114194886526093e-05
      },
      "pose_predictions": {
        "pose_02": 0
      },
      "poses_agree": null
    },
    {
      "subject_id": "63",
      "true_label": 1,
      "true_class_name": "normal_hand",
      "predicted_label": 1,
      "predicted_class_index": 1,
      "predicted_class_name": "normal_hand",
      "positive_true_label": 0,
      "positive_pred_label": 0,
      "malnourished_probability": 0.007913758978247643,
      "pose_probabilities": {
        "pose_02": 0.007913758978247643
      },
      "pose_predictions": {
        "pose_02": 0
      },
      "poses_agree": null
    },
    {
      "subject_id": "65",
      "true_label": 1,
      "true_class_name": "normal_hand",
      "predicted_label": 1,
      "predicted_class_index": 1,
      "predicted_class_name": "normal_hand",
      "positive_true_label": 0,
      "positive_pred_label": 0,
      "malnourished_probability": 0.004371066577732563,
      "pose_probabilities": {
        "pose_02": 0.004371066577732563
      },
      "pose_predictions": {
        "pose_02": 0
      },
      "poses_agree": null
    },
    {
      "subject_id": "67",
      "true_label": 1,
      "true_class_name": "normal_hand",
      "predicted_label": 1,
      "predicted_class_index": 1,
      "predicted_class_name": "normal_hand",
      "positive_true_label": 0,
      "positive_pred_label": 0,
      "malnourished_probability": 0.002572257537394762,
      "pose_probabilities": {
        "pose_02": 0.002572257537394762
      },
      "pose_predictions": {
        "pose_02": 0
      },
      "poses_agree": null
    },
    {
      "subject_id": "70",
      "true_label": 1,
      "true_class_name": "normal_hand",
      "predicted_label": 1,
      "predicted_class_index": 1,
      "predicted_class_name": "normal_hand",
      "positive_true_label": 0,
      "positive_pred_label": 0,
      "malnourished_probability": 0.011217067949473858,
      "pose_probabilities": {
        "pose_02": 0.011217067949473858
      },
      "pose_predictions": {
        "pose_02": 0
      },
      "poses_agree": null
    },
    {
      "subject_id": "88",
      "true_label": 0,