{
  "dataset": "hand_nutrition",
  "positive_class_name": "malnourished_hand",
  "hand_pose": "02",
  "classification_threshold": 0.5,
  "overall_accuracy_percent": 85.71428571428571,
  "confusion_matrix": [
    [
      1,
      2
    ],
    [
      0,
      11
    ]
  ],
  "class_accuracies": [
    {
      "class": "malnourished_hand",
      "accuracy": 33.333333333333336,
      "correct": 1,
      "total": 3
    },
    {
      "class": "normal_hand",
      "accuracy": 100.0,
      "correct": 11,
      "total": 11
    }
  ],
  "image_level_metrics": {
    "accuracy": 0.8571428571428571,
    "balanced_accuracy": 0.6666666666666666,
    "roc_auc": 0.7272727272727273,
    "pr_auc": 0.75,
    "precision": 1.0,
    "sensitivity": 0.3333333333333333,
    "specificity": 1.0,
    "acc": 0.8571428571428571,
    "auc": 0.7272727272727273,
    "f1": 0.5,
    "sen": 0.3333333333333333,
    "spe": 1.0,
    "mcc": 0.5310850045437943,
    "threshold": 0.5,
    "tp": 1,
    "tn": 11,
    "fp": 0,
    "fn": 2
  },
  "pose_level_metrics": {
    "pose_02": {
      "accuracy": 0.8571428571428571,
      "balanced_accuracy": 0.6666666666666666,
      "roc_auc": 0.7272727272727273,
      "pr_auc": 0.75,
      "precision": 1.0,
      "sensitivity": 0.3333333333333333,
      "specificity": 1.0,
      "acc": 0.8571428571428571,
      "auc": 0.7272727272727273,
      "f1": 0.5,
      "sen": 0.3333333333333333,
      "spe": 1.0,
      "mcc": 0.5310850045437943,
      "threshold": 0.5,
      "tp": 1,
      "tn": 11,
      "fp": 0,
      "fn": 2
    }
  },
  "subject_level_metrics": {
    "accuracy": 0.8571428571428571,
    "balanced_accuracy": 0.6666666666666666,
    "roc_auc": 0.7272727272727273,
    "pr_auc": 0.75,
    "precision": 1.0,
    "sensitivity": 0.3333333333333333,
    "specificity": 1.0,
    "acc": 0.8571428571428571,
    "auc": 0.7272727272727273,
    "f1": 0.5,
    "sen": 0.3333333333333333,
    "spe": 1.0,
    "mcc": 0.5310850045437943,
    "threshold": 0.5,
    "tp": 1,
    "tn": 11,
    "fp": 0,
    "fn": 2
  },
  "pose_agreement": {
    "applicable": false,
    "complete_subject_pairs": 0,
    "agreement_count": 0,
    "disagreement_count": 0,
    "agreement_rate": null
  }
}
